ts,rss_bytes,qps,queries_delta,blocked_delta,cache_entries,cache_bytes,cache_hits,cache_misses,cache_evictions,cache_expired,block_p99,cache_hit_p99,forward_p99
2026-07-31T04:50:52Z,40747008,0.0,0,0,0,0,0,0,0,0,0.0,0.0,0.0
2026-07-31T04:52:52Z,42856448,0.6167,37,18,68,54816,12,76,0,0,0.0001,0.001,0.01
2026-07-31T04:54:52Z,43560960,1.1667,70,59,100,102512,23,108,0,0,0.0001,0.0001,0.005
2026-07-31T04:56:52Z,46911488,2.05,123,66,190,204464,39,200,0,0,0.00025,0.001,0.1
2026-07-31T04:58:52Z,47366144,0.85,51,40,196,212208,55,206,0,0,0.0001,0.0001,0.005
2026-07-31T05:00:52Z,47411200,0.6167,37,34,196,212208,60,206,0,0,0.0001,0.0001,0.0
2026-07-31T05:02:52Z,52482048,2.0333,122,38,280,250384,65,290,0,0,0.0001,0.0001,0.05
2026-07-31T05:04:52Z,52420608,0.7667,46,36,282,253168,80,292,0,0,0.0001,0.0001,0.005
2026-07-31T05:06:52Z,56868864,0.8667,52,32,296,269872,90,306,0,0,0.0001,0.0001,0.05
2026-07-31T05:08:52Z,57151488,0.6667,40,28,300,272880,104,310,0,0,0.0001,0.0001,0.005
2026-07-31T05:10:52Z,55111680,0.6667,40,30,356,340144,123,368,0,0,0.0001,0.0001,0.05
2026-07-31T05:12:52Z,51888128,0.55,33,20,393,362336,163,408,0,0,0.0001,0.0001,0.1
2026-07-31T05:14:52Z,51875840,0.4,24,20,393,362336,172,408,0,0,0.0001,0.0001,0.0
2026-07-31T05:16:52Z,51986432,0.35,21,16,393,362336,181,408,0,0,0.0001,0.0001,0.0001
2026-07-31T05:18:52Z,52015104,0.6,36,22,400,372368,190,415,0,0,0.0001,0.0001,0.01
2026-07-31T05:20:52Z,51490816,0.4333,26,24,407,383040,203,422,0,0,0.00025,0.0001,0.0001
2026-07-31T05:22:52Z,44728320,0.9,54,20,409,385184,238,424,0,0,0.0001,0.0001,0.005
2026-07-31T05:24:52Z,44679168,0.3667,22,20,409,384864,247,424,0,0,0.00025,0.0001,0.0
2026-07-31T05:26:52Z,47390720,0.3833,23,18,409,384864,256,424,0,0,0.0001,0.0001,0.0001
2026-07-31T05:28:52Z,47353856,0.4833,29,22,409,383904,272,424,0,0,0.0001,0.0001,0.0001
2026-07-31T05:30:52Z,47267840,0.5333,32,22,411,384768,282,426,0,0,0.00025,0.0001,0.005
2026-07-31T05:32:52Z,46432256,1.0333,62,26,421,395136,320,436,0,0,0.00025,0.0001,0.05
2026-07-31T05:34:52Z,46415872,0.5667,34,26,426,403696,336,441,0,0,0.0001,0.0001,0.005
2026-07-31T05:36:52Z,46850048,0.45,27,20,430,405392,357,445,0,0,0.0001,0.0001,0.0001
2026-07-31T05:38:52Z,46886912,0.55,33,26,430,405392,369,445,0,0,0.0001,0.0001,0.0001
2026-07-31T05:40:52Z,46784512,0.4667,28,22,430,405392,381,445,0,0,0.0001,0.0001,0.0001
2026-07-31T05:42:52Z,49684480,0.7333,44,22,452,424816,399,467,0,0,0.0001,0.0001,0.05
2026-07-31T05:44:52Z,46964736,0.85,51,18,460,442992,431,475,0,0,0.0001,0.0001,0.005
2026-07-31T05:46:52Z,48791552,0.1167,7,0,462,443856,440,477,0,0,0.0,0.0001,0.005
2026-07-31T05:48:52Z,48836608,0.0333,2,0,464,444720,444,479,0,0,0.0,0.0001,0.0
2026-07-31T05:50:52Z,49012736,0.0667,4,2,464,444720,450,479,0,0,0.0001,0.0001,0.0
2026-07-31T05:52:52Z,47988736,0.0333,2,0,464,444720,455,479,0,0,0.0,0.0001,0.0001
2026-07-31T05:54:52Z,47857664,0.05,3,0,464,444720,460,479,0,0,0.0,0.0001,0.0001
2026-07-31T05:56:52Z,50618368,0.05,3,0,464,444720,465,479,0,0,0.0,0.0001,0.0
2026-07-31T05:58:52Z,50597888,0.0333,2,0,464,444720,469,479,0,0,0.0,0.0001,0.0001
2026-07-31T06:00:52Z,50601984,0.0333,2,0,464,444720,473,479,0,0,0.0,0.0001,0.0
2026-07-31T06:02:52Z,50622464,0.0333,2,0,464,444720,478,479,0,0,0.0,0.0001,0.0
2026-07-31T06:04:52Z,50569216,0.0333,2,0,464,444720,482,479,0,0,0.0,0.0001,0.0
2026-07-31T06:06:52Z,55386112,0.0667,4,0,464,444720,488,479,0,0,0.0,0.0001,0.0
2026-07-31T06:08:52Z,55431168,0.0333,2,0,464,444720,492,479,0,0,0.0,0.0001,0.0001
2026-07-31T06:10:52Z,55361536,0.0333,2,0,464,444720,496,479,0,0,0.0,0.0001,0.0001
2026-07-31T06:12:52Z,54837248,0.0333,2,0,464,444720,501,479,0,0,0.0,0.0001,0.0
2026-07-31T06:14:52Z,54878208,0.0333,2,0,464,444720,505,479,0,0,0.0,0.0001,0.0
2026-07-31T06:16:52Z,54820864,0.05,3,0,464,444720,510,479,0,0,0.0,0.0001,0.0
2026-07-31T06:18:52Z,54812672,0.0333,2,0,464,444720,514,479,0,0,0.0,0.0001,0.0
2026-07-31T06:20:52Z,54853632,0.0333,2,0,464,444720,518,479,0,0,0.0,0.0001,0.0001
2026-07-31T06:22:52Z,54792192,0.0333,2,0,464,444720,523,479,0,0,0.0,0.0001,0.0
2026-07-31T06:24:52Z,54714368,0.0333,2,0,464,444720,527,479,0,0,0.0,0.0001,0.0001
2026-07-31T06:26:52Z,54792192,0.05,3,0,464,444720,532,479,0,0,0.0,0.0001,0.0
2026-07-31T06:28:52Z,54730752,0.0333,2,0,464,444720,536,479,0,0,0.0,0.0001,0.0
2026-07-31T06:30:52Z,54722560,0.0333,2,0,464,444720,540,479,0,0,0.0,0.0001,0.0001
2026-07-31T06:32:52Z,54935552,0.0333,2,0,464,444720,545,479,0,0,0.0,0.0001,0.0
2026-07-31T06:34:52Z,54919168,0.0333,2,0,464,444720,549,479,0,0,0.0,0.0001,0.0001
2026-07-31T06:36:52Z,54976512,0.05,3,0,464,444720,554,479,0,0,0.0,0.0001,0.0001
2026-07-31T06:38:52Z,50905088,0.0333,2,0,464,444720,558,479,0,0,0.0,0.0001,0.0
2026-07-31T06:40:52Z,50876416,0.0333,2,0,464,444720,562,479,0,0,0.0,0.0001,0.0001
2026-07-31T06:42:52Z,53805056,0.0333,2,0,464,444720,567,479,0,0,0.0,0.0001,0.0
2026-07-31T06:44:52Z,54013952,0.0333,2,0,464,444720,571,479,0,0,0.0,0.0001,0.0
2026-07-31T06:46:52Z,54095872,0.05,3,0,464,444720,576,479,0,0,0.0,0.0001,0.0001
2026-07-31T06:48:52Z,53989376,0.0333,2,0,464,444720,580,479,0,0,0.0,0.0001,0.0001
2026-07-31T06:50:52Z,54030336,0.0333,2,0,464,444720,584,479,0,0,0.0,0.0001,0.0
2026-07-31T06:52:52Z,53981184,0.0333,2,0,464,444720,589,479,0,0,0.0,0.0001,0.0001
2026-07-31T06:54:52Z,54022144,0.0333,2,0,464,444720,593,479,0,0,0.0,0.0001,0.0
2026-07-31T06:56:52Z,54001664,0.7833,47,12,498,471856,638,513,0,0,0.0001,0.0001,0.05
2026-07-31T06:58:52Z,54054912,0.3667,22,14,501,476064,650,516,0,0,0.00025,0.0001,0.005
2026-07-31T07:00:52Z,54038528,0.4333,26,10,501,476064,668,516,0,0,0.0001,0.0001,0.0001
2026-07-31T07:02:52Z,53886976,0.35,21,15,548,516640,697,563,0,0,0.0001,0.0001,0.0
2026-07-31T07:04:52Z,53915648,0.4667,28,10,558,530272,708,573,0,0,0.0001,0.0001,0.005
2026-07-31T07:06:52Z,54210560,0.15,9,3,559,530704,719,574,0,0,0.0001,0.0001,0.005
2026-07-31T07:08:52Z,54190080,0.1167,7,2,559,530704,726,574,0,0,0.0001,0.0001,0.0001
2026-07-31T07:10:52Z,54136832,0.0333,2,0,559,530704,730,574,0,0,0.0,0.0001,0.0
2026-07-31T07:12:52Z,53661696,0.0833,5,1,559,530704,738,574,0,0,0.0001,0.0001,0.0001
2026-07-31T07:14:52Z,53637120,0.0667,4,1,559,530704,744,574,0,0,0.0001,0.0001,0.0001
2026-07-31T07:16:52Z,52072448,0.0833,5,2,559,530704,751,574,0,0,0.0001,0.0001,0.0
2026-07-31T07:18:52Z,52170752,0.0333,2,0,559,530704,755,574,0,0,0.0,0.0001,0.0
2026-07-31T07:20:52Z,52178944,0.1,6,3,561,533792,762,576,0,0,0.0001,0.0001,0.05
2026-07-31T07:22:52Z,52113408,0.05,3,1,561,533792,771,576,0,0,0.0001,0.0001,0.0001
2026-07-31T07:24:52Z,52109312,0.05,3,0,563,539136,777,578,0,0,0.0,0.0001,0.0001
2026-07-31T07:26:52Z,52219904,0.05,3,0,563,539136,784,578,0,0,0.0,0.0001,0.0001
2026-07-31T07:28:52Z,52191232,0.0333,2,0,563,539136,789,578,0,0,0.0,0.0001,0.0
2026-07-31T07:30:52Z,52232192,0.05,3,1,563,539136,793,578,0,0,0.0001,0.0001,0.0001
2026-07-31T07:32:52Z,52236288,0.05,3,1,563,539136,798,578,0,0,0.0001,0.0001,0.0
2026-07-31T07:34:52Z,52146176,0.0833,5,1,563,539136,805,578,0,0,0.0001,0.0001,0.0001
2026-07-31T07:36:52Z,52133888,0.0833,5,1,564,540848,820,579,0,0,0.0001,0.0001,0.0001
2026-07-31T07:38:52Z,52162560,0.1167,7,3,565,541600,842,580,0,0,0.0001,0.0001,0.0
2026-07-31T07:40:52Z,52191232,0.15,9,7,565,541600,846,580,0,0,0.0001,0.0001,0.0
2026-07-31T07:42:52Z,52125696,0.1333,8,6,565,541600,851,580,0,0,0.0001,0.0001,0.0
2026-07-31T07:44:52Z,52088832,0.1167,7,5,565,541600,855,580,0,0,0.0001,0.0001,0.0
2026-07-31T07:46:52Z,52080640,0.1667,10,6,565,541600,862,580,0,0,0.0001,0.0001,0.0001
2026-07-31T07:48:52Z,52043776,0.1,6,2,565,541600,868,580,0,0,0.0001,0.0001,0.0001
2026-07-31T07:50:52Z,52006912,0.0333,2,0,565,541600,873,580,0,0,0.0,0.0001,0.0
2026-07-31T07:52:52Z,52023296,0.1167,7,0,565,541600,890,580,0,0,0.0,0.0001,0.0001
2026-07-31T07:54:52Z,52031488,0.1167,7,3,565,541600,897,580,0,0,0.0001,0.0001,0.0001
2026-07-31T07:56:52Z,52314112,0.05,3,0,565,541600,902,580,0,0,0.0,0.0001,0.0001
2026-07-31T07:58:52Z,52224000,0.0333,2,0,565,541600,906,580,0,0,0.0,0.0001,0.0
2026-07-31T08:00:52Z,49573888,0.0667,4,2,565,541600,910,580,0,0,0.0001,0.0001,0.0001
2026-07-31T08:02:52Z,49741824,0.4167,25,18,565,541600,921,580,0,0,0.0001,0.0001,0.0001
2026-07-31T08:04:52Z,49754112,0.2333,14,9,565,541600,929,580,0,0,0.0001,0.0001,0.0001
2026-07-31T08:06:52Z,51834880,0.1833,11,7,565,541600,935,580,0,0,0.0001,0.0001,0.0001
2026-07-31T08:08:52Z,51855360,0.0667,4,0,565,541600,941,580,0,0,0.0,0.0001,0.0001
2026-07-31T08:10:52Z,51838976,0.0333,2,0,565,541600,946,580,0,0,0.0,0.0001,0.0001
2026-07-31T08:12:52Z,52146176,0.0333,2,0,565,541600,951,580,0,0,0.0,0.0001,0.0
2026-07-31T08:14:52Z,52080640,0.0667,4,1,565,541600,956,580,0,0,0.0001,0.0001,0.0001
2026-07-31T08:16:52Z,52113408,0.05,3,0,565,541600,963,580,0,0,0.0,0.0001,0.0
2026-07-31T08:18:52Z,52047872,0.05,3,0,565,541600,968,580,0,0,0.0,0.0001,0.0001
2026-07-31T08:20:52Z,52080640,0.3167,19,8,565,541600,982,580,0,0,0.0001,0.0001,0.0001
2026-07-31T08:22:52Z,54226944,0.2,12,6,565,541600,991,580,0,0,0.0001,0.0001,0.0001
2026-07-31T08:24:52Z,54210560,0.1333,8,6,565,541600,995,580,0,0,0.0001,0.0001,0.0
2026-07-31T08:26:52Z,54169600,0.1667,10,6,565,541600,1003,580,0,0,0.0001,0.0001,0.0001
2026-07-31T08:28:52Z,54132736,0.0833,5,2,565,541600,1008,580,0,0,0.0001,0.0001,0.0001
2026-07-31T08:30:52Z,54112256,0.2,12,8,565,541600,1014,580,0,0,0.0001,0.0001,0.0001
2026-07-31T08:32:52Z,54112256,0.3333,20,15,565,541600,1023,580,0,0,0.0001,0.0001,0.0001
2026-07-31T08:34:52Z,54083584,0.1333,8,3,565,541600,1030,580,0,0,0.0001,0.0001,0.0001
2026-07-31T08:36:52Z,54022144,0.2167,13,7,566,542352,1038,581,0,0,0.0001,0.0001,0.005
2026-07-31T08:38:52Z,54054912,0.1833,11,9,566,542352,1042,581,0,0,0.0001,0.0001,0.0
2026-07-31T08:40:52Z,54030336,0.15,9,6,566,542352,1049,581,0,0,0.0001,0.0001,0.0001
2026-07-31T08:42:52Z,54280192,0.2,12,7,566,542352,1058,581,0,0,0.0001,0.0001,0.0001
2026-07-31T08:44:52Z,54321152,0.2333,14,12,566,542352,1062,581,0,0,0.0001,0.0001,0.0
2026-07-31T08:46:52Z,54456320,0.25,15,11,566,542352,1068,581,0,0,0.0001,0.0001,0.0001
2026-07-31T08:48:52Z,54509568,0.1333,8,5,566,542352,1074,581,0,0,0.0001,0.0001,0.0001
2026-07-31T08:50:52Z,54480896,0.15,9,7,566,542352,1081,581,0,0,0.0001,0.0001,0.0
2026-07-31T08:52:52Z,54423552,0.1167,7,4,566,542352,1091,581,0,0,0.0001,0.0001,0.0001
2026-07-31T08:54:52Z,54624256,0.05,3,0,567,542800,1097,582,0,0,0.0,0.0001,0.0
2026-07-31T08:56:52Z,54755328,0.4667,28,11,575,551696,1125,590,0,0,0.0001,0.0001,0.005
2026-07-31T08:58:52Z,54726656,0.0833,5,3,575,551696,1134,590,0,0,0.0001,0.0001,0.0001
2026-07-31T09:00:52Z,54784000,0.75,45,9,577,552560,1174,592,0,0,0.0001,0.0001,0.005
2026-07-31T09:02:52Z,54767616,0.3167,19,14,577,552560,1187,592,0,0,0.0001,0.0001,0.0001
2026-07-31T09:04:52Z,52236288,0.3,18,11,578,555248,1203,593,0,0,0.0001,0.0001,0.0001
2026-07-31T09:06:52Z,52142080,0.35,21,9,578,555248,1229,593,0,0,0.0001,0.0001,0.0001
2026-07-31T09:08:52Z,52117504,0.1,6,2,578,555248,1241,593,0,0,0.0001,0.0001,0.0001
2026-07-31T09:10:52Z,52101120,0.1833,11,4,578,555248,1252,593,0,0,0.0001,0.0001,0.0001
2026-07-31T09:12:52Z,52154368,0.5833,35,18,582,561472,1270,597,0,0,0.00025,0.0001,0.05
2026-07-31T09:14:52Z,52109312,0.05,3,1,587,568112,1276,602,0,0,0.0001,0.0001,0.0001
2026-07-31T09:16:52Z,52137984,0.05,3,0,587,568112,1281,602,0,0,0.0,0.0001,0.0001
2026-07-31T09:18:52Z,52178944,0.0333,2,0,587,568112,1285,602,0,0,0.0,0.0001,0.0
2026-07-31T09:20:52Z,52088832,0.0333,2,0,587,568112,1289,602,0,0,0.0,0.0001,0.0001
2026-07-31T09:22:52Z,52088832,0.0333,2,0,587,568112,1294,602,0,0,0.0,0.0001,0.0
2026-07-31T09:24:52Z,52072448,0.0333,2,0,587,568112,1298,602,0,0,0.0,0.0001,0.0
2026-07-31T09:26:52Z,52035584,0.05,3,0,587,568112,1303,602,0,0,0.0,0.0001,0.0001
2026-07-31T09:28:52Z,52019200,0.0333,2,0,587,568112,1307,602,0,0,0.0,0.0001,0.0
2026-07-31T09:30:52Z,52056064,0.0333,2,0,587,568112,1311,602,0,0,0.0,0.0001,0.0
2026-07-31T09:32:52Z,54730752,0.0333,2,0,587,568112,1316,602,0,0,0.0,0.0001,0.0
2026-07-31T09:34:52Z,54693888,0.0333,2,0,587,568112,1320,602,0,0,0.0,0.0001,0.0001
2026-07-31T09:36:52Z,54677504,0.05,3,0,587,568112,1325,602,0,0,0.0,0.0001,0.0001
2026-07-31T09:38:52Z,54652928,0.05,3,0,587,568112,1330,602,0,0,0.0,0.0001,0.0
2026-07-31T09:40:52Z,54587392,0.0333,2,0,587,568112,1334,602,0,0,0.0,0.0001,0.0001
2026-07-31T09:42:52Z,54878208,0.05,3,0,587,568112,1340,602,0,0,0.0,0.0001,0.0
2026-07-31T09:44:52Z,54820864,0.0333,2,0,587,568112,1344,602,0,0,0.0,0.0001,0.0
2026-07-31T09:46:52Z,54816768,0.05,3,0,587,568112,1349,602,0,0,0.0,0.0001,0.0001
2026-07-31T09:48:52Z,54800384,0.0333,2,0,587,568112,1353,602,0,0,0.0,0.0001,0.0
2026-07-31T09:50:52Z,54812672,0.0333,2,0,587,568112,1357,602,0,0,0.0,0.0001,0.0001
2026-07-31T09:52:52Z,54837248,0.0333,2,0,587,568112,1362,602,0,0,0.0,0.0001,0.0
2026-07-31T09:54:52Z,54824960,0.0333,2,0,587,568112,1366,602,0,0,0.0,0.0001,0.0001
2026-07-31T09:56:52Z,54771712,0.05,3,0,587,568112,1371,602,0,0,0.0,0.0001,0.0
2026-07-31T09:58:52Z,54714368,0.0333,2,0,587,568112,1375,602,0,0,0.0,0.0001,0.0001
2026-07-31T10:00:52Z,54706176,0.0333,2,0,587,568112,1379,602,0,0,0.0,0.0001,0.0001
2026-07-31T10:02:52Z,54665216,0.0333,2,0,587,568112,1384,602,0,0,0.0,0.0001,0.0001
2026-07-31T10:04:52Z,54956032,0.0333,2,0,587,568112,1388,602,0,0,0.0,0.0001,0.0
2026-07-31T10:06:52Z,54910976,0.05,3,0,587,568112,1394,602,0,0,0.0,0.0001,0.0001
2026-07-31T10:08:52Z,54890496,0.0333,2,0,587,568112,1398,602,0,0,0.0,0.0001,0.0
2026-07-31T10:10:52Z,54865920,0.0333,2,0,587,568112,1402,602,0,0,0.0,0.0001,0.0
2026-07-31T10:12:52Z,54861824,0.0333,2,0,587,568112,1407,602,0,0,0.0,0.0001,0.0001
2026-07-31T10:14:52Z,54906880,0.0333,2,0,587,568112,1411,602,0,0,0.0,0.0001,0.0
2026-07-31T10:16:52Z,54902784,0.05,3,0,587,568112,1416,602,0,0,0.0,0.0001,0.0001
2026-07-31T10:18:52Z,54845440,0.0333,2,0,587,568112,1421,602,0,0,0.0,0.0001,0.0
2026-07-31T10:20:52Z,54853632,0.0333,2,0,587,568112,1425,602,0,0,0.0,0.0001,0.0001
2026-07-31T10:22:52Z,54882304,0.0333,2,0,587,568112,1430,602,0,0,0.0,0.0001,0.0
2026-07-31T10:24:52Z,54878208,0.0333,2,0,587,568112,1434,602,0,0,0.0,0.0001,0.0
2026-07-31T10:26:52Z,54812672,0.05,3,0,587,568112,1439,602,0,0,0.0,0.0001,0.0001
2026-07-31T10:28:52Z,54796288,0.0333,2,0,587,568112,1443,602,0,0,0.0,0.0001,0.0001
2026-07-31T10:30:52Z,54763520,0.0333,2,0,587,568112,1447,602,0,0,0.0,0.0001,0.0001
2026-07-31T10:32:52Z,54829056,0.0333,2,0,587,568112,1452,602,0,0,0.0,0.0001,0.0
2026-07-31T10:34:52Z,54800384,0.0333,2,0,587,568112,1456,602,0,0,0.0,0.0001,0.0
2026-07-31T10:36:52Z,54845440,0.05,3,0,587,568112,1461,602,0,0,0.0,0.0001,0.0
2026-07-31T10:38:52Z,54808576,0.0333,2,0,587,568112,1465,602,0,0,0.0,0.0001,0.0001
2026-07-31T10:40:52Z,54738944,0.0333,2,0,587,568112,1469,602,0,0,0.0,0.0001,0.0001
2026-07-31T10:42:52Z,54886400,0.0333,2,0,587,568112,1474,602,0,0,0.0,0.0001,0.0001
2026-07-31T10:44:52Z,54816768,0.0333,2,0,587,568112,1478,602,0,0,0.0,0.0001,0.0
2026-07-31T10:46:52Z,54845440,0.05,3,0,587,568112,1483,602,0,0,0.0,0.0001,0.0
2026-07-31T10:48:52Z,54796288,0.0333,2,0,587,568112,1487,602,0,0,0.0,0.0001,0.0
2026-07-31T10:50:52Z,54775808,0.0333,2,0,587,568112,1491,602,0,0,0.0,0.0001,0.0001
2026-07-31T10:52:52Z,54792192,0.0333,2,0,587,568112,1496,602,0,0,0.0,0.0001,0.0
2026-07-31T10:54:52Z,55029760,0.0333,2,0,587,568112,1500,602,0,0,0.0,0.0001,0.0001
2026-07-31T10:56:52Z,54984704,0.05,3,0,587,568112,1505,602,0,0,0.0,0.0001,0.0
2026-07-31T10:58:52Z,54960128,0.0333,2,0,587,568112,1509,602,0,0,0.0,0.0001,0.0
2026-07-31T11:00:52Z,54951936,0.0333,2,0,587,568112,1513,602,0,0,0.0,0.0001,0.0
2026-07-31T11:02:52Z,54935552,0.0333,2,0,587,568112,1518,602,0,0,0.0,0.0001,0.0001
2026-07-31T11:04:52Z,54931456,0.0333,2,0,587,568112,1522,602,0,0,0.0,0.0001,0.0
2026-07-31T11:06:52Z,54943744,0.05,3,0,587,568112,1527,602,0,0,0.0,0.0001,0.0001
2026-07-31T11:08:52Z,54927360,0.0333,2,0,587,568112,1531,602,0,0,0.0,0.0001,0.0
2026-07-31T11:10:52Z,54857728,0.0333,2,0,587,568112,1535,602,0,0,0.0,0.0001,0.0
2026-07-31T11:12:52Z,54849536,0.0333,2,0,587,568112,1540,602,0,0,0.0,0.0001,0.0001
2026-07-31T11:14:52Z,54886400,0.0333,2,0,587,568112,1544,602,0,0,0.0,0.0001,0.0001
2026-07-31T11:16:52Z,54833152,0.0667,4,0,587,568112,1550,602,0,0,0.0,0.0001,0.0
2026-07-31T11:18:52Z,54820864,0.0333,2,0,587,568112,1554,602,0,0,0.0,0.0001,0.0
2026-07-31T11:20:52Z,54804480,0.0333,2,0,587,568112,1558,602,0,0,0.0,0.0001,0.0
2026-07-31T11:22:52Z,54771712,0.0333,2,0,587,568112,1563,602,0,0,0.0,0.0001,0.0001
2026-07-31T11:24:52Z,54702080,0.0333,2,0,587,568112,1567,602,0,0,0.0,0.0001,0.0
2026-07-31T11:26:52Z,54747136,0.05,3,0,587,568112,1572,602,0,0,0.0,0.0001,0.0001
2026-07-31T11:28:52Z,54738944,0.05,3,0,587,568112,1577,602,0,0,0.0,0.0001,0.0
2026-07-31T11:30:52Z,54763520,0.0333,2,0,587,568112,1581,602,0,0,0.0,0.0001,0.0
2026-07-31T11:32:52Z,54951936,0.0333,2,0,587,568112,1586,602,0,0,0.0,0.0001,0.0
2026-07-31T11:34:52Z,54878208,0.0333,2,0,587,568112,1590,602,0,0,0.0,0.0001,0.0
2026-07-31T11:36:52Z,54894592,0.05,3,0,587,568112,1595,602,0,0,0.0,0.0001,0.0001
2026-07-31T11:38:52Z,54808576,0.0333,2,0,587,568112,1599,602,0,0,0.0,0.0001,0.0001
2026-07-31T11:40:52Z,54845440,0.05,3,0,587,568112,1604,602,0,0,0.0,0.0001,0.0001
2026-07-31T11:42:52Z,54890496,0.0333,2,0,587,568112,1609,602,0,0,0.0,0.0001,0.0
2026-07-31T11:44:52Z,54870016,0.0333,2,0,587,568112,1613,602,0,0,0.0,0.0001,0.0
2026-07-31T11:46:52Z,54951936,0.05,3,0,587,568112,1618,602,0,0,0.0,0.0001,0.0
2026-07-31T11:48:52Z,54923264,0.0333,2,0,587,568112,1622,602,0,0,0.0,0.0001,0.0
2026-07-31T11:50:52Z,54902784,0.0333,2,0,587,568112,1626,602,0,0,0.0,0.0001,0.0001
2026-07-31T11:52:52Z,54865920,0.0333,2,0,587,568112,1631,602,0,0,0.0,0.0001,0.0
2026-07-31T11:54:52Z,54738944,0.0333,2,0,587,568112,1635,602,0,0,0.0,0.0001,0.0
2026-07-31T11:56:52Z,54792192,0.05,3,0,587,568112,1640,602,0,0,0.0,0.0001,0.0
2026-07-31T11:58:52Z,54771712,0.0333,2,0,587,568112,1644,602,0,0,0.0,0.0001,0.0
2026-07-31T12:00:52Z,54722560,0.0333,2,0,587,568112,1648,602,0,0,0.0,0.0001,0.0001
2026-07-31T12:02:52Z,54771712,0.0333,2,0,587,568112,1653,602,0,0,0.0,0.0001,0.0
2026-07-31T12:04:52Z,54788096,0.0333,2,0,587,568112,1657,602,0,0,0.0,0.0001,0.0001
2026-07-31T12:06:52Z,54771712,0.05,3,0,587,568112,1662,602,0,0,0.0,0.0001,0.0001
2026-07-31T12:08:52Z,54779904,0.0333,2,0,587,568112,1666,602,0,0,0.0,0.0001,0.0
2026-07-31T12:10:52Z,54763520,0.0333,2,0,587,568112,1670,602,0,0,0.0,0.0001,0.0
2026-07-31T12:12:52Z,54996992,0.0333,2,0,587,568112,1675,602,0,0,0.0,0.0001,0.0
2026-07-31T12:14:52Z,54927360,0.0333,2,0,587,568112,1679,602,0,0,0.0,0.0001,0.0
2026-07-31T12:16:52Z,55013376,0.05,3,0,587,568112,1684,602,0,0,0.0,0.0001,0.0001
2026-07-31T12:18:52Z,54988800,0.0333,2,0,587,568112,1688,602,0,0,0.0,0.0001,0.0001
2026-07-31T12:20:52Z,54976512,0.0333,2,0,587,568112,1692,602,0,0,0.0,0.0001,0.0
2026-07-31T12:22:52Z,54984704,0.0333,2,0,587,568112,1697,602,0,0,0.0,0.0001,0.0
2026-07-31T12:24:52Z,54956032,0.0333,2,0,587,568112,1701,602,0,0,0.0,0.0001,0.0
2026-07-31T12:26:52Z,54878208,0.05,3,0,587,568112,1706,602,0,0,0.0,0.0001,0.0001
2026-07-31T12:28:52Z,54812672,0.0333,2,0,587,568112,1710,602,0,0,0.0,0.0001,0.0001
2026-07-31T12:30:52Z,54853632,0.0333,2,0,587,568112,1714,602,0,0,0.0,0.0001,0.0
2026-07-31T12:32:52Z,54784000,0.0333,2,0,587,568112,1719,602,0,0,0.0,0.0001,0.0
2026-07-31T12:34:52Z,54820864,0.0333,2,0,587,568112,1723,602,0,0,0.0,0.0001,0.0
2026-07-31T12:36:52Z,54865920,0.05,3,0,587,568112,1728,602,0,0,0.0,0.0001,0.0
2026-07-31T12:38:52Z,54804480,0.0333,2,0,587,568112,1732,602,0,0,0.0,0.0001,0.0
2026-07-31T12:40:52Z,54833152,0.0333,2,0,587,568112,1736,602,0,0,0.0,0.0001,0.0
2026-07-31T12:42:52Z,54874112,0.0333,2,0,587,568112,1741,602,0,0,0.0,0.0001,0.0
2026-07-31T12:44:52Z,54820864,0.0333,2,0,587,568112,1745,602,0,0,0.0,0.0001,0.0
2026-07-31T12:46:52Z,54853632,0.05,3,0,587,568112,1750,602,0,0,0.0,0.0001,0.0
2026-07-31T12:48:52Z,54779904,0.0333,2,0,587,568112,1754,602,0,0,0.0,0.0001,0.0001
2026-07-31T12:50:52Z,54824960,0.75,45,13,616,587856,1784,631,0,0,0.0001,0.0001,0.05
2026-07-31T12:52:52Z,54845440,0.0333,2,0,616,587856,1791,631,0,0,0.0,0.0001,0.0001
2026-07-31T12:54:52Z,54771712,0.0667,4,0,617,588288,1804,632,0,0,0.0,0.0001,0.0001
2026-07-31T12:56:52Z,54915072,0.05,3,0,617,588288,1809,632,0,0,0.0,0.0001,0.0001
2026-07-31T12:58:52Z,54894592,0.05,3,0,617,588288,1814,632,0,0,0.0,0.0001,0.0001
2026-07-31T13:00:52Z,55144448,0.1167,7,2,617,588288,1823,632,0,0,0.0001,0.0001,0.0
2026-07-31T13:02:52Z,55066624,0.05,3,1,617,588288,1831,632,0,0,0.0001,0.0001,0.0
2026-07-31T13:04:52Z,55046144,0.1,6,3,617,588288,1839,632,0,0,0.0001,0.0001,0.0001
2026-07-31T13:06:52Z,55074816,0.05,3,0,617,588288,1844,632,0,0,0.0,0.0001,0.0
2026-07-31T13:08:52Z,55017472,0.0333,2,0,617,588288,1848,632,0,0,0.0,0.0001,0.0
2026-07-31T13:10:52Z,55005184,0.0333,2,0,617,588288,1854,632,0,0,0.0,0.0001,0.0001
2026-07-31T13:12:52Z,54976512,0.1167,7,0,617,588288,1866,632,0,0,0.0,0.0001,0.0001
2026-07-31T13:14:52Z,54964224,0.0833,5,0,617,588288,1874,632,0,0,0.0,0.0001,0.0001
2026-07-31T13:16:52Z,52023296,0.0667,4,0,617,588288,1880,632,0,0,0.0,0.0001,0.0001
2026-07-31T13:18:52Z,51875840,0.0667,4,1,617,588288,1885,632,0,0,0.0001,0.0001,0.0001
2026-07-31T13:20:52Z,51912704,0.85,51,10,624,598416,1935,639,0,0,0.0001,0.0001,0.005
2026-07-31T13:22:52Z,52891648,0.65,39,13,647,618160,1986,662,0,0,0.0001,0.0001,0.005
2026-07-31T13:24:52Z,52842496,0.1833,11,6,647,618160,2000,662,0,0,0.0001,0.0001,0.0001
2026-07-31T13:26:52Z,52711424,0.15,9,6,647,618160,2006,662,0,0,0.0001,0.0001,0.0001
2026-07-31T13:28:52Z,52703232,0.1333,8,6,647,618160,2011,662,0,0,0.0001,0.0001,0.0
2026-07-31T13:30:52Z,52977664,0.05,3,0,647,618160,2019,662,0,0,0.0,0.0001,0.0001
2026-07-31T13:32:52Z,52994048,0.0333,2,0,647,618160,2025,662,0,0,0.0,0.0001,0.0001
2026-07-31T13:34:52Z,53026816,0.1667,10,5,647,618160,2033,662,0,0,0.0001,0.0001,0.0001
2026-07-31T13:36:52Z,52994048,0.05,3,0,647,618160,2039,662,0,0,0.0,0.0001,0.0001
2026-07-31T13:38:52Z,52977664,0.0333,2,0,647,618160,2043,662,0,0,0.0,0.0001,0.0
2026-07-31T13:40:52Z,52867072,0.0333,2,0,647,618160,2048,662,0,0,0.0,0.0001,0.0
2026-07-31T13:42:52Z,52883456,0.2167,13,6,648,618608,2057,663,0,0,0.0001,0.0001,0.005
2026-07-31T13:44:52Z,52916224,0.0833,5,2,648,618608,2067,663,0,0,0.0001,0.0001,0.0001
2026-07-31T13:46:52Z,52781056,0.0667,4,0,648,618608,2073,663,0,0,0.0,0.0001,0.0001
2026-07-31T13:48:52Z,52842496,0.0667,4,2,648,618608,2077,663,0,0,0.0001,0.0001,0.0
2026-07-31T13:50:52Z,52826112,0.25,15,8,648,618608,2087,663,0,0,0.0001,0.0001,0.0001
2026-07-31T13:52:52Z,52924416,0.4,24,0,650,619472,2113,665,0,0,0.0,0.0001,0.005
2026-07-31T13:54:52Z,52912128,0.2,12,10,650,619472,2121,665,0,0,0.0001,0.0001,0.0001
2026-07-31T13:56:52Z,53129216,0.1,6,2,650,619472,2129,665,0,0,0.0001,0.0001,0.0
2026-07-31T13:58:52Z,53104640,0.3667,22,15,651,619904,2142,666,0,0,0.0001,0.0001,0.0001
2026-07-31T14:00:52Z,53035008,0.0333,2,0,651,619904,2147,666,0,0,0.0,0.0001,0.0
2026-07-31T14:02:52Z,52969472,0.0333,2,0,651,619904,2155,666,0,0,0.0,0.0001,0.0001
2026-07-31T14:04:52Z,52961280,0.4833,29,14,651,619904,2174,666,0,0,0.0001,0.0001,0.0001
2026-07-31T14:06:52Z,52936704,0.05,3,0,651,619904,2181,666,0,0,0.0,0.0001,0.0
2026-07-31T14:08:52Z,52862976,0.0667,4,1,651,619904,2187,666,0,0,0.0001,0.0001,0.0001
2026-07-31T14:10:52Z,52879360,0.05,3,0,652,622592,2193,667,0,0,0.0,0.0001,0.0001
2026-07-31T14:12:52Z,52858880,0.0333,2,0,652,622592,2198,667,0,0,0.0,0.0001,0.0001
2026-07-31T14:14:52Z,52850688,0.0667,4,0,652,622592,2204,667,0,0,0.0,0.0001,0.0001
2026-07-31T14:16:52Z,53018624,0.1167,7,2,653,625280,2213,668,0,0,0.0001,0.0001,0.0001
2026-07-31T14:18:52Z,53006336,0.4,24,13,655,626144,2226,670,0,0,0.0001,0.0001,0.005
2026-07-31T14:20:52Z,52924416,0.1667,10,4,655,626144,2238,670,0,0,0.0001,0.0001,0.0001
2026-07-31T14:22:52Z,53202944,0.0667,4,2,655,626144,2253,670,0,0,0.0001,0.0001,0.0
2026-07-31T14:24:52Z,53211136,0.1167,7,4,655,626144,2264,670,0,0,0.0001,0.0001,0.0001
2026-07-31T14:26:52Z,53104640,0.1333,8,5,655,626144,2269,670,0,0,0.0001,0.0001,0.0001
2026-07-31T14:28:52Z,53133312,0.0833,5,3,655,626144,2273,670,0,0,0.0001,0.0001,0.0
2026-07-31T14:30:52Z,54157312,0.1167,7,5,655,626144,2283,670,0,0,0.0001,0.0001,0.0
2026-07-31T14:32:52Z,54210560,0.1167,7,5,655,626144,2289,670,0,0,0.0001,0.0001,0.0001
2026-07-31T14:34:52Z,54149120,0.0833,5,2,655,626144,2294,670,0,0,0.0001,0.0001,0.0001
2026-07-31T14:36:52Z,54177792,0.3667,22,10,667,635728,2314,682,0,0,0.0001,0.0001,0.005
2026-07-31T14:38:52Z,54104064,0.0333,2,0,667,635728,2318,682,0,0,0.0,0.0001,0.0
2026-07-31T14:40:52Z,54140928,0.0333,2,0,667,635728,2322,682,0,0,0.0,0.0001,0.0
2026-07-31T14:42:52Z,54091776,0.0333,2,0,667,635728,2327,682,0,0,0.0,0.0001,0.0001
2026-07-31T14:44:52Z,54063104,0.0333,2,0,667,635728,2331,682,0,0,0.0,0.0001,0.0001
2026-07-31T14:46:52Z,54128640,0.05,3,0,667,635728,2336,682,0,0,0.0,0.0001,0.0001
2026-07-31T14:48:52Z,54095872,0.0333,2,0,667,635728,2340,682,0,0,0.0,0.0001,0.0
2026-07-31T14:50:52Z,54087680,0.0333,2,0,667,635728,2344,682,0,0,0.0,0.0001,0.0
2026-07-31T14:52:52Z,54337536,0.0333,2,0,667,635728,2349,682,0,0,0.0,0.0001,0.0
2026-07-31T14:54:52Z,54214656,0.0333,2,0,667,635728,2353,682,0,0,0.0,0.0001,0.0001
2026-07-31T14:56:52Z,54296576,0.05,3,0,667,635728,2358,682,0,0,0.0,0.0001,0.0
2026-07-31T14:58:52Z,54173696,0.0333,2,0,667,635728,2362,682,0,0,0.0,0.0001,0.0001
2026-07-31T15:00:52Z,54177792,0.0333,2,0,667,635728,2366,682,0,0,0.0,0.0001,0.0001
2026-07-31T15:02:52Z,54161408,0.0333,2,0,667,635728,2371,682,0,0,0.0,0.0001,0.0
2026-07-31T15:04:52Z,54128640,0.0333,2,0,667,635728,2375,682,0,0,0.0,0.0001,0.0001
2026-07-31T15:06:52Z,54165504,0.05,3,0,667,635728,2380,682,0,0,0.0,0.0001,0.0001
2026-07-31T15:08:52Z,54104064,0.0333,2,0,667,635728,2384,682,0,0,0.0,0.0001,0.0
2026-07-31T15:10:52Z,54075392,0.0333,2,0,667,635728,2388,682,0,0,0.0,0.0001,0.0001
2026-07-31T15:12:52Z,54067200,0.0333,2,0,667,635728,2393,682,0,0,0.0,0.0001,0.0001
2026-07-31T15:14:52Z,53989376,0.0333,2,0,667,635728,2397,682,0,0,0.0,0.0001,0.0
2026-07-31T15:16:52Z,54239232,0.05,3,0,667,635728,2402,682,0,0,0.0,0.0001,0.0001
2026-07-31T15:18:52Z,54263808,0.0333,2,0,667,635728,2406,682,0,0,0.0,0.0001,0.0
2026-07-31T15:20:52Z,54493184,0.0333,2,0,667,635728,2410,682,0,0,0.0,0.0001,0.0
2026-07-31T15:22:52Z,54394880,0.0333,2,0,667,635728,2415,682,0,0,0.0,0.0001,0.0
2026-07-31T15:24:52Z,54378496,0.0333,2,0,667,635728,2419,682,0,0,0.0,0.0001,0.0001
2026-07-31T15:26:52Z,54341632,0.05,3,0,667,635728,2424,682,0,0,0.0,0.0001,0.0001
2026-07-31T15:28:52Z,54317056,0.0333,2,0,667,635728,2428,682,0,0,0.0,0.0001,0.0
2026-07-31T15:30:52Z,54321152,0.0333,2,0,667,635728,2432,682,0,0,0.0,0.0001,0.0
2026-07-31T15:32:52Z,54390784,0.0333,2,0,667,635728,2437,682,0,0,0.0,0.0001,0.0
2026-07-31T15:34:52Z,54415360,0.0333,2,0,667,635728,2441,682,0,0,0.0,0.0001,0.0001
2026-07-31T15:36:52Z,54333440,0.05,3,0,667,635728,2446,682,0,0,0.0,0.0001,0.0001
2026-07-31T15:38:52Z,54317056,0.0333,2,0,667,635728,2450,682,0,0,0.0,0.0001,0.0001
2026-07-31T15:40:52Z,54284288,0.0333,2,0,667,635728,2454,682,0,0,0.0,0.0001,0.0
2026-07-31T15:42:52Z,54272000,0.0333,2,0,667,635728,2459,682,0,0,0.0,0.0001,0.0
2026-07-31T15:44:52Z,54341632,0.0333,2,0,667,635728,2464,682,0,0,0.0,0.0001,0.0001
2026-07-31T15:46:52Z,54267904,0.05,3,0,667,635728,2469,682,0,0,0.0,0.0001,0.0001
2026-07-31T15:48:52Z,54202368,0.0333,2,0,667,635728,2473,682,0,0,0.0,0.0001,0.0
2026-07-31T15:50:52Z,54165504,0.0333,2,0,667,635728,2477,682,0,0,0.0,0.0001,0.0
2026-07-31T15:52:52Z,54198272,0.0333,2,0,667,635728,2482,682,0,0,0.0,0.0001,0.0001
2026-07-31T15:54:52Z,54132736,0.0333,2,0,667,635728,2486,682,0,0,0.0,0.0001,0.0001
2026-07-31T15:56:52Z,54222848,0.05,3,0,667,635728,2492,682,0,0,0.0,0.0001,0.0
2026-07-31T15:58:52Z,54181888,0.0333,2,0,667,635728,2496,682,0,0,0.0,0.0001,0.0
2026-07-31T16:00:52Z,54194176,0.0333,2,0,667,635728,2500,682,0,0,0.0,0.0001,0.0
2026-07-31T16:02:52Z,54202368,0.0333,2,0,667,635728,2505,682,0,0,0.0,0.0001,0.0001
2026-07-31T16:04:52Z,54173696,0.0333,2,0,667,635728,2509,682,0,0,0.0,0.0001,0.0001
2026-07-31T16:06:52Z,54173696,0.05,3,0,667,635728,2514,682,0,0,0.0,0.0001,0.0
2026-07-31T16:08:52Z,54153216,0.0333,2,0,667,635728,2518,682,0,0,0.0,0.0001,0.0001
2026-07-31T16:10:52Z,54124544,0.0333,2,0,667,635728,2522,682,0,0,0.0,0.0001,0.0001
2026-07-31T16:12:52Z,54079488,0.0333,2,0,667,635728,2527,682,0,0,0.0,0.0001,0.0
2026-07-31T16:14:52Z,54038528,0.0333,2,0,667,635728,2531,682,0,0,0.0,0.0001,0.0001
2026-07-31T16:16:52Z,54497280,0.05,3,0,667,635728,2536,682,0,0,0.0,0.0001,0.0
2026-07-31T16:18:52Z,54439936,0.0333,2,0,667,635728,2540,682,0,0,0.0,0.0001,0.0
2026-07-31T16:20:52Z,54444032,0.0333,2,0,667,635728,2544,682,0,0,0.0,0.0001,0.0
2026-07-31T16:22:52Z,54394880,0.0333,2,0,667,635728,2549,682,0,0,0.0,0.0001,0.0
2026-07-31T16:24:52Z,54366208,0.0333,2,0,667,635728,2553,682,0,0,0.0,0.0001,0.0001
2026-07-31T16:26:52Z,54366208,0.05,3,0,667,635728,2558,682,0,0,0.0,0.0001,0.0001
2026-07-31T16:28:52Z,54349824,0.0333,2,0,667,635728,2562,682,0,0,0.0,0.0001,0.0
2026-07-31T16:30:52Z,54317056,0.0333,2,0,667,635728,2566,682,0,0,0.0,0.0001,0.0
2026-07-31T16:32:52Z,54304768,0.0333,2,0,667,635728,2571,682,0,0,0.0,0.0001,0.0
2026-07-31T16:34:52Z,54333440,0.0333,2,0,667,635728,2575,682,0,0,0.0,0.0001,0.0001
2026-07-31T16:36:52Z,54403072,0.05,3,0,667,635728,2580,682,0,0,0.0,0.0001,0.0001
2026-07-31T16:38:52Z,54325248,0.0333,2,0,667,635728,2584,682,0,0,0.0,0.0001,0.0001
2026-07-31T16:40:52Z,54300672,0.0333,2,0,667,635728,2588,682,0,0,0.0,0.0001,0.0
2026-07-31T16:42:52Z,54276096,0.0333,2,0,667,635728,2593,682,0,0,0.0,0.0001,0.0001
2026-07-31T16:44:52Z,54255616,0.0333,2,0,667,635728,2597,682,0,0,0.0,0.0001,0.0
2026-07-31T16:46:52Z,54276096,0.0667,4,0,667,635728,2603,682,0,0,0.0,0.0001,0.0001
2026-07-31T16:48:52Z,54247424,0.0333,2,0,667,635728,2607,682,0,0,0.0,0.0001,0.0001
2026-07-31T16:50:52Z,54210560,0.0333,2,0,667,635728,2611,682,0,0,0.0,0.0001,0.0001
2026-07-31T16:52:52Z,54202368,0.0333,2,0,667,635728,2616,682,0,0,0.0,0.0001,0.0
2026-07-31T16:54:52Z,54190080,0.0333,2,0,667,635728,2620,682,0,0,0.0,0.0001,0.0
2026-07-31T16:56:52Z,54202368,0.05,3,0,667,635728,2625,682,0,0,0.0,0.0001,0.0001
2026-07-31T16:58:52Z,54259712,0.0333,2,0,667,635728,2629,682,0,0,0.0,0.0001,0.0
2026-07-31T17:00:52Z,54218752,0.0333,2,0,667,635728,2633,682,0,0,0.0,0.0001,0.0
2026-07-31T17:02:52Z,54206464,0.0333,2,0,667,635728,2638,682,0,0,0.0,0.0001,0.0001
2026-07-31T17:04:52Z,54083584,0.0333,2,0,667,635728,2642,682,0,0,0.0,0.0001,0.0
2026-07-31T17:06:52Z,54161408,0.05,3,0,667,635728,2647,682,0,0,0.0,0.0001,0.0001
2026-07-31T17:08:52Z,54046720,0.0333,2,0,667,635728,2651,682,0,0,0.0,0.0001,0.0
2026-07-31T17:10:52Z,54063104,0.0333,2,0,667,635728,2655,682,0,0,0.0,0.0001,0.0
2026-07-31T17:12:52Z,54157312,0.0333,2,0,667,635728,2660,682,0,0,0.0,0.0001,0.0001
2026-07-31T17:14:52Z,54079488,0.0333,2,0,667,635728,2664,682,0,0,0.0,0.0001,0.0001
2026-07-31T17:16:52Z,54382592,0.05,3,0,667,635728,2669,682,0,0,0.0,0.0001,0.0
2026-07-31T17:18:52Z,54280192,0.0333,2,0,667,635728,2673,682,0,0,0.0,0.0001,0.0001
2026-07-31T17:20:52Z,54247424,0.0333,2,0,667,635728,2677,682,0,0,0.0,0.0001,0.0
2026-07-31T17:22:52Z,54263808,0.0333,2,0,667,635728,2682,682,0,0,0.0,0.0001,0.0
2026-07-31T17:24:52Z,54194176,0.0333,2,0,667,635728,2686,682,0,0,0.0,0.0001,0.0
2026-07-31T17:26:52Z,54194176,0.05,3,0,667,635728,2691,682,0,0,0.0,0.0001,0.0
2026-07-31T17:28:52Z,54136832,0.0333,2,0,667,635728,2695,682,0,0,0.0,0.0001,0.0
2026-07-31T17:30:52Z,54194176,0.0333,2,0,667,635728,2700,682,0,0,0.0,0.0001,0.0001
2026-07-31T17:32:52Z,54132736,0.0333,2,0,667,635728,2705,682,0,0,0.0,0.0001,0.0
2026-07-31T17:34:52Z,54099968,0.0333,2,0,667,635728,2709,682,0,0,0.0,0.0001,0.0001
2026-07-31T17:36:52Z,54075392,0.05,3,0,667,635728,2714,682,0,0,0.0,0.0001,0.0
2026-07-31T17:38:52Z,53997568,0.0333,2,0,667,635728,2718,682,0,0,0.0,0.0001,0.0
2026-07-31T17:40:52Z,53362688,0.0333,2,0,667,635728,2722,682,0,0,0.0,0.0001,0.0
2026-07-31T17:42:52Z,53551104,0.0333,2,0,667,635728,2728,682,0,0,0.0,0.0001,0.0
2026-07-31T17:44:52Z,53481472,0.0333,2,0,667,635728,2732,682,0,0,0.0,0.0001,0.0
2026-07-31T17:46:52Z,54026240,0.05,3,0,667,635728,2737,682,0,0,0.0,0.0001,0.0001
2026-07-31T17:48:52Z,53948416,0.0333,2,0,667,635728,2741,682,0,0,0.0,0.0001,0.0
2026-07-31T17:50:52Z,53952512,0.0333,2,0,667,635728,2745,682,0,0,0.0,0.0001,0.0
2026-07-31T17:52:52Z,54120448,0.05,3,0,667,635728,2751,682,0,0,0.0,0.0001,0.0
2026-07-31T17:54:52Z,54059008,0.0333,2,0,667,635728,2755,682,0,0,0.0,0.0001,0.0001
2026-07-31T17:56:52Z,54042624,0.05,3,0,667,635728,2760,682,0,0,0.0,0.0001,0.0001
2026-07-31T17:58:52Z,54013952,0.0333,2,0,667,635728,2764,682,0,0,0.0,0.0001,0.0
2026-07-31T18:00:52Z,54022144,0.0333,2,0,667,635728,2768,682,0,0,0.0,0.0001,0.0
2026-07-31T18:02:52Z,54022144,0.0333,2,0,667,635728,2773,682,0,0,0.0,0.0001,0.0
2026-07-31T18:04:52Z,53923840,0.05,3,0,667,635728,2778,682,0,0,0.0,0.0001,0.0
2026-07-31T18:06:52Z,53948416,0.05,3,0,667,635728,2783,682,0,0,0.0,0.0001,0.0001
2026-07-31T18:08:52Z,53878784,0.0333,2,0,667,635728,2787,682,0,0,0.0,0.0001,0.0
2026-07-31T18:10:52Z,53796864,0.0333,2,0,667,635728,2791,682,0,0,0.0,0.0001,0.0
2026-07-31T18:12:52Z,53911552,0.0333,2,0,667,635728,2796,682,0,0,0.0,0.0001,0.0
2026-07-31T18:14:52Z,53886976,0.0333,2,0,667,635728,2800,682,0,0,0.0,0.0001,0.0
2026-07-31T18:16:52Z,54239232,0.0667,4,0,667,635728,2806,682,0,0,0.0,0.0001,0.0
2026-07-31T18:18:52Z,54177792,0.0333,2,0,667,635728,2810,682,0,0,0.0,0.0001,0.0
2026-07-31T18:20:52Z,54140928,0.05,3,0,667,635728,2815,682,0,0,0.0,0.0001,0.0
2026-07-31T18:22:52Z,54173696,0.0333,2,0,667,635728,2820,682,0,0,0.0,0.0001,0.0001
2026-07-31T18:24:52Z,54104064,0.05,3,0,667,635728,2825,682,0,0,0.0,0.0001,0.0
2026-07-31T18:26:52Z,54099968,0.05,3,0,667,635728,2830,682,0,0,0.0,0.0001,0.0
2026-07-31T18:28:52Z,54095872,0.0333,2,0,667,635728,2834,682,0,0,0.0,0.0001,0.0
2026-07-31T18:30:52Z,54022144,0.0333,2,0,667,635728,2838,682,0,0,0.0,0.0001,0.0001
2026-07-31T18:32:52Z,54140928,0.0333,2,0,667,635728,2844,682,0,0,0.0,0.0001,0.0
2026-07-31T18:34:52Z,54013952,0.0333,2,0,667,635728,2848,682,0,0,0.0,0.0001,0.0001
2026-07-31T18:36:52Z,54112256,0.05,3,0,667,635728,2853,682,0,0,0.0,0.0001,0.0
2026-07-31T18:38:52Z,54296576,0.0333,2,0,667,635728,2857,682,0,0,0.0,0.0001,0.0001
2026-07-31T18:40:52Z,54267904,0.0333,2,0,667,635728,2861,682,0,0,0.0,0.0001,0.0
2026-07-31T18:42:52Z,54300672,0.0333,2,0,667,635728,2866,682,0,0,0.0,0.0001,0.0001
2026-07-31T18:44:52Z,54308864,0.0333,2,0,667,635728,2870,682,0,0,0.0,0.0001,0.0001
2026-07-31T18:46:52Z,54374400,0.05,3,0,667,635728,2875,682,0,0,0.0,0.0001,0.0001
2026-07-31T18:48:52Z,54296576,0.0333,2,0,667,635728,2879,682,0,0,0.0,0.0001,0.0
2026-07-31T18:50:52Z,54267904,0.6333,38,6,671,640336,2909,686,0,0,0.0001,0.0001,0.005
2026-07-31T18:52:52Z,54292480,0.0333,2,0,671,640336,2915,686,0,0,0.0,0.0001,0.0
2026-07-31T18:54:52Z,54079488,1.1333,68,26,685,658640,2949,700,0,0,0.00025,0.0001,0.005
2026-07-31T18:56:52Z,53895168,0.4167,25,22,688,661856,2959,703,0,0,0.0001,0.0001,0.0001
2026-07-31T18:58:52Z,53817344,0.5,30,25,690,663040,2970,705,0,0,0.0001,0.0001,0.0001
2026-07-31T19:00:52Z,53878784,0.2,12,6,691,663776,2981,706,0,0,0.0001,0.0001,0.0001
2026-07-31T19:02:52Z,53559296,0.4167,25,20,691,663776,2991,706,0,0,0.00025,0.0001,0.0
2026-07-31T19:04:52Z,53526528,0.1,6,2,692,666464,2999,707,0,0,0.0001,0.0001,0.005
2026-07-31T19:06:52Z,53469184,1.1667,70,4,714,695168,3045,729,0,0,0.00025,0.0001,0.1
2026-07-31T19:08:52Z,48107520,1.0833,65,10,746,736416,3196,761,0,0,0.00025,0.0001,0.005
2026-07-31T19:10:52Z,48226304,0.85,51,24,757,751040,3247,772,0,0,0.0001,0.0001,0.005
2026-07-31T19:12:52Z,48488448,0.5833,35,28,786,788032,3271,802,0,0,0.0001,0.0001,0.005
2026-07-31T19:14:52Z,48386048,0.6667,40,34,786,788032,3279,802,0,0,0.0001,0.0001,0.0001
2026-07-31T19:16:52Z,49016832,0.55,33,28,788,789888,3287,805,0,0,0.0001,0.0001,0.0001
2026-07-31T19:18:52Z,48930816,0.65,39,32,793,796496,3298,812,0,0,0.0005,0.0001,0.005
2026-07-31T19:20:52Z,48979968,0.6333,38,30,797,802096,3314,816,0,0,0.0001,0.0001,0.0001
2026-07-31T19:22:52Z,59842560,0.7167,43,32,801,809936,3348,821,0,0,0.0001,0.0001,0.0001
2026-07-31T19:24:52Z,59129856,0.7333,44,36,802,810048,3359,822,0,0,0.00025,0.0001,0.005
2026-07-31T19:25:52Z,57856000,0.5667,34,32,802,810048,3361,822,0,0,0.00025,0.0001,0.0001
2026-07-31T19:26:52Z,56848384,0.5833,35,30,802,810048,3366,822,0,0,0.0001,0.0001,0.0
2026-07-31T19:27:52Z,56590336,0.55,33,28,802,810048,3371,822,0,0,0.00025,0.0001,0.0001
2026-07-31T19:28:52Z,56635392,0.5833,35,30,802,810048,3376,822,0,0,0.00025,0.0001,0.0001
2026-07-31T19:29:52Z,56623104,0.6833,41,37,802,810048,3380,822,0,0,0.0001,0.0001,0.0001
2026-07-31T19:30:52Z,56569856,0.7333,44,40,802,810048,3384,822,0,0,0.0001,0.0001,0.0001
2026-07-31T19:31:52Z,56500224,0.7833,47,44,802,810048,3387,822,0,0,0.0001,0.0001,0.0001
2026-07-31T19:32:52Z,54136832,0.95,57,50,802,810048,3394,822,0,0,0.00025,0.0001,0.0001
2026-07-31T19:33:52Z,53792768,0.7667,46,42,802,810048,3398,822,0,0,0.0001,0.0001,0.0001
2026-07-31T19:34:52Z,53370880,0.7667,46,40,802,810048,3404,822,0,0,0.00025,0.0001,0.0001
2026-07-31T19:35:52Z,53440512,0.75,45,35,802,810048,3414,822,0,0,0.0001,0.0001,0.0001
2026-07-31T19:36:52Z,48803840,0.8833,53,46,802,810048,3421,822,0,0,0.00025,0.0001,0.0001
2026-07-31T19:37:52Z,48836608,0.6167,37,32,802,810048,3426,822,0,0,0.00025,0.0001,0.0001
2026-07-31T19:38:52Z,48836608,0.65,39,34,802,810048,3431,822,0,0,0.00025,0.0001,0.0001
2026-07-31T19:39:52Z,48824320,0.5,30,26,802,810048,3435,822,0,0,0.0001,0.0001,0.0001
2026-07-31T19:40:52Z,48824320,0.5333,32,28,802,810048,3439,822,0,0,0.0001,0.0001,0.0001
2026-07-31T19:41:52Z,49266688,0.5667,34,28,802,810048,3445,822,0,0,0.00025,0.0001,0.0001
2026-07-31T19:42:52Z,50749440,0.6167,37,32,802,810048,3450,822,0,0,0.0005,0.0001,0.0
2026-07-31T19:43:52Z,49594368,0.5833,35,30,805,812032,3452,825,0,0,0.0001,0.0001,0.005
2026-07-31T19:44:52Z,49516544,0.6,36,30,805,812032,3458,825,0,0,0.0001,0.0001,0.0001
2026-07-31T19:45:52Z,49508352,0.6,36,28,805,812032,3466,825,0,0,0.0001,0.0001,0.0001
2026-07-31T19:46:52Z,52015104,0.5833,35,32,805,812032,3469,825,0,0,0.00025,0.0001,0.0001
2026-07-31T19:47:52Z,52015104,0.55,33,26,805,812032,3476,825,0,0,0.0001,0.0001,0.0001
2026-07-31T19:48:52Z,52015104,0.6833,41,26,805,812032,3491,825,0,0,0.0001,0.0001,0.0001
2026-07-31T19:49:52Z,51855360,0.6833,41,28,805,812992,3504,825,0,0,0.00025,0.0001,0.0001
2026-07-31T19:50:52Z,51855360,0.6,36,34,805,812992,3506,825,0,0,0.00025,0.0001,0.0
2026-07-31T19:51:52Z,52121600,0.55,33,26,805,812992,3513,825,0,0,0.0001,0.0,0.0001
2026-07-31T19:52:52Z,51736576,0.55,33,28,805,812992,3518,825,0,0,0.0005,0.0001,0.0
2026-07-31T19:53:52Z,51613696,0.4667,28,26,805,812992,3520,825,0,0,0.00025,0.0001,0.0001
2026-07-31T19:54:52Z,51933184,0.6,36,32,805,812992,3524,825,0,0,0.00025,0.0001,0.0
2026-07-31T19:55:52Z,51970048,0.5667,34,32,805,812992,3526,825,0,0,0.0001,0.0001,0.0001
2026-07-31T19:56:52Z,51896320,0.6167,37,32,805,812992,3531,825,0,0,0.00025,0.0001,0.0001
2026-07-31T19:57:52Z,51896320,0.5833,35,28,805,812992,3538,825,0,0,0.0001,0.0001,0.0001
2026-07-31T19:58:52Z,51982336,0.5167,31,26,805,812992,3543,825,0,0,0.0001,0.0001,0.0001
2026-07-31T19:59:52Z,51994624,0.8833,53,36,805,812992,3560,825,0,0,0.0005,0.0001,0.0001
2026-07-31T20:00:52Z,66863104,0.6,36,30,805,812992,3566,825,0,0,0.0001,0.0001,0.0001
2026-07-31T20:01:52Z,66412544,0.65,39,30,805,812992,3575,825,0,0,0.00025,0.0001,0.0001
2026-07-31T20:02:52Z,66412544,0.55,33,28,805,812992,3580,825,0,0,0.00025,0.0001,0.0001
2026-07-31T20:03:52Z,66596864,0.65,39,28,805,812992,3591,825,0,0,0.0001,0.0001,0.0001
2026-07-31T20:04:52Z,66596864,0.7,42,36,807,818368,3595,827,0,0,0.0001,0.0001,0.005
2026-07-31T20:05:52Z,66195456,0.5,30,28,807,818368,3597,827,0,0,0.00025,0.0001,0.0
2026-07-31T20:06:52Z,64806912,0.55,33,28,807,818368,3602,827,0,0,0.0001,0.0001,0.00025
2026-07-31T20:07:52Z,64806912,0.6667,40,30,807,818368,3612,827,0,0,0.0001,0.0001,0.0001
2026-07-31T20:08:52Z,64491520,0.8833,53,32,807,818368,3633,827,0,0,0.0001,0.0001,0.0001
2026-07-31T20:09:52Z,64139264,0.9667,58,38,808,821040,3652,828,0,0,0.00025,0.0001,0.005
2026-07-31T20:10:52Z,60248064,0.7333,44,32,811,822656,3661,831,0,0,0.00025,0.0001,0.005
2026-07-31T20:11:52Z,60706816,0.6,36,28,811,822656,3669,831,0,0,0.0001,0.0001,0.0001
2026-07-31T20:12:52Z,60805120,0.55,33,26,811,822656,3676,831,0,0,0.0001,0.0001,0.0001
2026-07-31T20:13:52Z,60731392,0.5333,32,30,811,822656,3678,831,0,0,0.0001,0.0001,0.0
2026-07-31T20:14:52Z,60731392,0.6667,40,30,811,822656,3688,831,0,0,0.0001,0.0001,0.0001
2026-07-31T20:15:52Z,60821504,0.6667,40,28,816,825184,3695,836,0,0,0.0001,0.0001,0.01
2026-07-31T20:16:52Z,63393792,0.5167,31,28,816,825184,3698,836,0,0,0.0001,0.0001,0.0
2026-07-31T20:17:52Z,63393792,0.5167,31,26,816,825184,3703,836,0,0,0.0001,0.0001,0.0001
2026-07-31T20:18:52Z,63438848,0.55,33,28,816,825184,3708,836,0,0,0.0001,0.0001,0.0001
2026-07-31T20:19:52Z,63340544,0.5167,31,24,816,825184,3715,836,0,0,0.0001,0.0001,0.0001
2026-07-31T20:20:52Z,63356928,0.5667,34,28,816,825184,3721,836,0,0,0.0001,0.0001,0.0001
2026-07-31T20:21:52Z,61886464,0.75,45,36,816,825184,3730,836,0,0,0.0001,0.0001,0.00025
2026-07-31T20:22:52Z,61886464,0.55,33,28,816,825184,3735,836,0,0,0.00025,0.0001,0.0
2026-07-31T20:23:52Z,61886464,0.7333,44,28,816,824224,3751,836,0,0,0.0001,0.0001,0.0001
2026-07-31T20:24:52Z,61886464,0.5667,34,30,816,824224,3755,836,0,0,0.0001,0.0001,0.0001
2026-07-31T20:25:52Z,61911040,0.5333,32,30,816,824224,3757,836,0,0,0.0001,0.0001,0.0001
2026-07-31T20:26:52Z,61911040,0.4833,29,26,816,824224,3760,836,0,0,0.0001,0.0001,0.0
2026-07-31T20:27:52Z,59826176,0.65,39,28,816,824224,3771,836,0,0,0.0001,0.0001,0.0025
2026-07-31T20:28:52Z,59568128,0.55,33,28,816,824224,3776,836,0,0,0.0001,0.0001,0.0001
2026-07-31T20:29:52Z,59568128,0.8,48,34,816,824224,3790,836,0,0,0.0001,0.0001,0.0001
2026-07-31T20:30:52Z,59568128,0.8667,52,42,816,824224,3800,836,0,0,0.0001,0.0001,0.0001
2026-07-31T20:31:52Z,59686912,0.7167,43,36,817,826896,3806,837,0,0,0.00025,0.0001,0.005
2026-07-31T20:32:52Z,59686912,0.6833,41,32,817,826896,3815,837,0,0,0.0001,0.0001,0.0001
2026-07-31T20:33:52Z,59707392,0.5667,34,30,817,826896,3819,837,0,0,0.0001,0.0001,0.0001
2026-07-31T20:34:52Z,59621376,0.6667,40,32,817,826896,3827,837,0,0,0.0001,0.0001,0.0001
2026-07-31T20:35:52Z,59621376,0.5,30,26,817,826896,3831,837,0,0,0.0001,0.0001,0.0
2026-07-31T20:36:52Z,59617280,0.6167,37,30,817,826896,3838,837,0,0,0.00025,0.0001,0.0001
2026-07-31T20:37:52Z,59707392,0.55,33,28,817,826896,3843,837,0,0,0.0001,0.0001,0.00075
2026-07-31T20:38:52Z,59707392,0.5833,35,30,817,826896,3848,837,0,0,0.00025,0.0001,0.0001
2026-07-31T20:39:52Z,59654144,0.5,30,28,817,826896,3850,837,0,0,0.00025,0.0001,0.0001
2026-07-31T20:40:52Z,59625472,0.5667,34,26,817,826896,3858,837,0,0,0.00025,0.0001,0.0001
2026-07-31T20:41:52Z,60260352,1.6167,97,38,830,841168,3904,850,0,0,0.00025,0.0001,0.1
2026-07-31T20:42:52Z,60260352,0.8833,53,42,831,841600,3914,851,0,0,0.0001,0.0001,0.005
2026-07-31T20:43:52Z,60272640,0.7833,47,40,831,841600,3921,851,0,0,0.00025,0.0001,0.0001
2026-07-31T20:44:52Z,60272640,0.9,54,38,831,841600,3937,851,0,0,0.0001,0.0001,0.0001
2026-07-31T20:45:52Z,60272640,0.6667,40,34,831,841600,3943,851,0,0,0.00075,0.0001,0.0001
2026-07-31T20:46:52Z,60272640,0.6167,37,32,831,841600,3948,851,0,0,0.0001,0.0001,0.0
2026-07-31T20:47:52Z,60235776,0.8667,52,38,831,841600,3962,851,0,0,0.00025,0.0001,0.0001
2026-07-31T20:48:52Z,60235776,0.6667,40,30,831,841600,3972,851,0,0,0.00025,0.0001,0.00025
2026-07-31T20:49:52Z,60235776,0.5833,35,32,831,841600,3975,851,0,0,0.0001,0.0001,0.0
2026-07-31T20:50:52Z,60280832,0.5,30,26,831,841600,3979,851,0,0,0.0001,0.0001,0.0001
2026-07-31T20:51:52Z,60280832,0.65,39,34,831,841600,3984,851,0,0,0.00025,0.0001,0.0001
2026-07-31T20:52:52Z,60256256,0.55,33,28,831,841600,3989,851,0,0,0.0001,0.0001,0.0001
2026-07-31T20:53:52Z,60256256,0.5333,32,24,831,841600,3997,851,0,0,0.0001,0.0001,0.0001
2026-07-31T20:54:52Z,60186624,0.5333,32,28,831,841600,4001,851,0,0,0.0001,0.0001,0.0001
2026-07-31T20:55:52Z,60227584,0.5,30,28,831,841600,4003,851,0,0,0.0001,0.0001,0.0
2026-07-31T20:56:52Z,60207104,0.55,33,26,831,841600,4010,851,0,0,0.0001,0.0001,0.0001
2026-07-31T20:57:52Z,60157952,0.65,39,32,831,841600,4017,851,0,0,0.0001,0.0001,0.0001
2026-07-31T20:58:52Z,60243968,0.5167,31,26,831,841600,4022,851,0,0,0.0001,0.0001,0.0001
2026-07-31T20:59:52Z,60506112,0.7333,44,32,831,841600,4034,851,0,0,0.0001,0.0001,0.0001
2026-07-31T21:00:52Z,60411904,0.6333,38,30,831,841600,4042,851,0,0,0.0001,0.0001,0.0001
2026-07-31T21:01:52Z,60551168,0.5167,31,28,831,841600,4045,851,0,0,0.0001,0.0001,0.0001
2026-07-31T21:02:52Z,60551168,0.55,33,28,831,841600,4050,851,0,0,0.0001,0.0001,0.0001
2026-07-31T21:03:52Z,60440576,0.5333,32,28,831,841600,4054,851,0,0,0.0001,0.0001,0.0001
2026-07-31T21:04:52Z,60485632,0.7,42,32,831,841600,4064,851,0,0,0.0001,0.0001,0.0001
2026-07-31T21:05:52Z,60575744,0.5333,32,30,831,841600,4066,851,0,0,0.0001,0.0001,0.0
2026-07-31T21:06:52Z,60674048,0.65,39,28,831,841600,4077,851,0,0,0.0001,0.0001,0.0001
2026-07-31T21:07:52Z,60616704,0.75,45,26,832,841392,4095,852,0,0,0.0001,0.0001,0.01
2026-07-31T21:08:52Z,60559360,0.6333,38,28,832,841392,4105,852,0,0,0.00025,0.0001,0.0001
2026-07-31T21:09:52Z,60559360,0.7667,46,24,832,841392,4127,852,0,0,0.0001,0.0001,0.0005
2026-07-31T21:10:52Z,60592128,0.5,30,28,832,841392,4129,852,0,0,0.0001,0.0001,0.0
2026-07-31T21:11:52Z,60555264,0.6833,41,34,832,841392,4136,852,0,0,0.0001,0.0001,0.0001
2026-07-31T21:12:52Z,60596224,0.6333,38,28,832,841392,4146,852,0,0,0.0001,0.0001,0.0001
2026-07-31T21:13:52Z,60551168,0.5,30,28,832,841392,4148,852,0,0,0.0001,0.0001,0.0
2026-07-31T21:14:52Z,60551168,0.8,48,42,832,841392,4154,852,0,0,0.0001,0.0001,0.0001
2026-07-31T21:15:52Z,58605568,0.6,36,32,832,839472,4158,852,0,0,0.0001,0.0001,0.0001
2026-07-31T21:16:52Z,58613760,0.4833,29,24,832,839472,4163,852,0,0,0.0001,0.0001,0.0
2026-07-31T21:17:52Z,58593280,0.55,33,28,832,839472,4168,852,0,0,0.00025,0.0001,0.0001
2026-07-31T21:18:52Z,58781696,0.7167,43,36,832,839472,4175,852,0,0,0.0001,0.0001,0.0001
2026-07-31T21:19:52Z,58834944,0.8,48,34,832,839472,4189,852,0,0,0.0001,0.0001,0.0001
2026-07-31T21:20:52Z,58839040,0.5,30,26,832,839472,4193,852,0,0,0.0001,0.0001,0.0001
2026-07-31T21:21:52Z,59674624,0.7167,43,32,833,840224,4203,853,0,0,0.00025,0.0001,0.005
2026-07-31T21:22:52Z,59723776,0.6167,37,32,833,840224,4208,853,0,0,0.0001,0.00025,0.0001
2026-07-31T21:23:52Z,59674624,0.55,33,26,833,840224,4215,853,0,0,0.0001,0.0001,0.0001
2026-07-31T21:24:52Z,59662336,0.5,30,24,833,840224,4221,853,0,0,0.0001,0.0001,0.0001
2026-07-31T21:25:52Z,59744256,0.5667,34,32,833,840224,4223,853,0,0,0.0001,0.0001,0.0
2026-07-31T21:26:52Z,59715584,0.4833,29,26,833,840224,4226,853,0,0,0.0001,0.0001,0.0
2026-07-31T21:27:52Z,59658240,0.5167,31,26,833,840224,4231,853,0,0,0.0001,0.0001,0.0001
2026-07-31T21:28:52Z,59838464,0.65,39,34,833,840224,4236,853,0,0,0.0001,0.0001,0.0001
2026-07-31T21:29:52Z,59871232,0.9333,56,42,833,840224,4250,853,0,0,0.0001,0.0005,0.0001
2026-07-31T21:30:52Z,59764736,0.6,36,32,833,840224,4254,853,0,0,0.00025,0.0001,0.0001
2026-07-31T21:31:52Z,59781120,1.5167,91,50,834,841936,4294,854,0,0,0.0001,0.00025,0.005
2026-07-31T21:32:52Z,59781120,0.8833,53,36,834,842256,4311,854,0,0,0.00025,0.0001,0.0001
2026-07-31T21:33:52Z,59781120,0.6667,40,34,834,842256,4317,854,0,0,0.0001,0.0001,0.0001
2026-07-31T21:34:52Z,52883456,0.8667,52,40,835,842688,4328,855,0,0,0.00025,0.0001,0.005
2026-07-31T21:35:52Z,52883456,0.6333,38,32,835,842688,4334,855,0,0,0.00025,0.0001,0.0
2026-07-31T21:36:52Z,52772864,0.7667,46,34,835,842688,4346,855,0,0,0.0001,0.0001,0.0001
2026-07-31T21:37:52Z,52707328,0.55,33,28,835,842688,4351,855,0,0,0.0001,0.0001,0.0001
2026-07-31T21:38:52Z,52764672,0.55,33,28,835,842688,4356,855,0,0,0.00025,0.0001,0.0001
2026-07-31T21:39:52Z,52764672,0.75,45,32,835,843008,4369,855,0,0,0.0001,0.0001,0.0001
2026-07-31T21:40:52Z,52764672,0.8333,50,34,835,841728,4385,855,0,0,0.00025,0.0001,0.0001
2026-07-31T21:41:52Z,52801536,0.65,39,34,835,841728,4390,855,0,0,0.0001,0.0001,0.0001
2026-07-31T21:42:52Z,52793344,0.55,33,26,835,841728,4397,855,0,0,0.0001,0.0001,0.0001
2026-07-31T21:43:52Z,52781056,0.5667,34,32,835,841728,4399,855,0,0,0.0001,0.0001,0.0
2026-07-31T21:44:52Z,52744192,0.7667,46,38,835,841728,4407,855,0,0,0.0001,0.0001,0.0001
2026-07-31T21:45:52Z,52772864,0.6333,38,28,835,841728,4417,855,0,0,0.0001,0.0001,0.0001
2026-07-31T21:46:52Z,53805056,0.6167,37,32,835,841728,4422,855,0,0,0.00025,0.0001,0.0
2026-07-31T21:47:52Z,53739520,0.6833,41,34,835,841728,4429,855,0,0,0.0001,0.0001,0.0001
2026-07-31T21:48:52Z,53780480,0.5833,35,28,835,841728,4436,855,0,0,0.0001,0.0001,0.0001
2026-07-31T21:49:52Z,53686272,0.5333,32,28,835,841728,4440,855,0,0,0.00025,0.0001,0.0001
2026-07-31T21:50:52Z,53686272,0.6667,40,38,835,841728,4442,855,0,0,0.0001,0.0001,0.0
2026-07-31T21:51:52Z,53686272,0.6667,40,34,835,841728,4448,855,0,0,0.00025,0.0001,0.0001
2026-07-31T21:52:52Z,53657600,0.75,45,36,835,841728,4457,855,0,0,0.0001,0.0005,0.0001
2026-07-31T21:53:52Z,53661696,0.5667,34,32,835,841728,4459,855,0,0,0.0001,0.0001,0.0
2026-07-31T21:54:52Z,53706752,0.6833,41,30,835,841728,4470,855,0,0,0.00025,0.0001,0.0001
2026-07-31T21:55:52Z,53678080,0.7667,46,34,835,841728,4482,855,0,0,0.0001,0.0001,0.0001
2026-07-31T21:56:52Z,53678080,0.5167,31,26,835,841728,4487,855,0,0,0.0001,0.0001,0.0001
2026-07-31T21:57:52Z,53719040,0.6833,41,34,835,841728,4494,855,0,0,0.0001,0.0001,0.0001
2026-07-31T21:58:52Z,53321728,0.7167,43,32,835,841728,4505,855,0,0,0.0001,0.0001,0.0001
2026-07-31T21:59:52Z,53452800,0.8,48,40,835,841728,4513,855,0,0,0.0001,0.0001,0.0001
2026-07-31T22:00:52Z,50831360,0.7,42,38,835,841728,4517,855,0,0,0.0005,0.0001,0.0
2026-07-31T22:01:52Z,50606080,0.6167,37,32,835,841728,4522,855,0,0,0.0001,0.0001,0.0001
2026-07-31T22:02:52Z,50606080,0.8333,50,34,835,841728,4538,855,0,0,0.0001,0.0001,0.00025
2026-07-31T22:03:52Z,53518336,0.5333,32,30,835,841728,4540,855,0,0,0.0001,0.0001,0.0
2026-07-31T22:04:52Z,53518336,0.6333,38,30,835,841728,4548,855,0,0,0.0001,0.0001,0.0001
2026-07-31T22:05:52Z,53600256,0.5667,34,30,836,842176,4551,856,0,0,0.00025,0.0001,0.005
2026-07-31T22:06:52Z,53731328,0.6167,37,32,836,842176,4556,856,0,0,0.00025,0.0001,0.0001
2026-07-31T22:07:52Z,53030912,0.7833,47,32,836,842816,4571,856,0,0,0.00025,0.0001,0.00025
2026-07-31T22:08:52Z,53030912,0.7,42,32,836,842816,4581,856,0,0,0.0001,0.0001,0.0001
2026-07-31T22:09:52Z,53030912,0.8167,49,28,836,842816,4602,856,0,0,0.0001,0.0001,0.0001
2026-07-31T22:10:52Z,53063680,0.5667,34,32,836,842816,4604,856,0,0,0.0001,0.0001,0.0
2026-07-31T22:11:52Z,53473280,0.8,48,34,836,842816,4618,856,0,0,0.0001,0.0001,0.0001
2026-07-31T22:12:52Z,54517760,0.6833,41,34,836,842816,4625,856,0,0,0.0001,0.0001,0.0
2026-07-31T22:13:52Z,54571008,0.5833,35,30,836,842816,4630,856,0,0,0.00025,0.0001,0.0001
2026-07-31T22:14:52Z,54571008,0.7333,44,36,836,842816,4638,856,0,0,0.0001,0.0001,0.0001
2026-07-31T22:15:52Z,54509568,0.6,36,34,836,842816,4640,856,0,0,0.0001,0.0001,0.0001
2026-07-31T22:16:52Z,54595584,0.5167,31,28,836,842816,4643,856,0,0,0.0001,0.0001,0.0
2026-07-31T22:17:52Z,54587392,0.5167,31,26,836,842816,4648,856,0,0,0.0001,0.0001,0.0001
2026-07-31T22:18:52Z,54583296,0.55,33,28,836,842816,4653,856,0,0,0.0001,0.0001,0.0001
2026-07-31T22:19:52Z,54583296,0.65,39,36,836,842816,4656,856,0,0,0.0001,0.0001,0.0
2026-07-31T22:20:52Z,54681600,0.5333,32,28,836,842816,4660,856,0,0,0.00025,0.0001,0.0001
2026-07-31T22:21:52Z,54566912,0.55,33,26,836,842816,4667,856,0,0,0.0001,0.0001,0.0001
2026-07-31T22:22:52Z,54562816,0.55,33,28,836,842816,4672,856,0,0,0.0001,0.0001,0.0
2026-07-31T22:23:52Z,54603776,0.5667,34,28,836,842816,4678,856,0,0,0.0005,0.0001,0.0001
2026-07-31T22:24:52Z,55263232,0.7,42,30,836,842816,4690,856,0,0,0.00025,0.00025,0.0001
2026-07-31T22:25:52Z,55189504,0.5667,34,32,836,842816,4692,856,0,0,0.00025,0.0001,0.0
2026-07-31T22:26:52Z,52183040,1.1333,68,32,836,842816,4728,856,0,0,0.00025,0.0001,0.0001
2026-07-31T22:27:52Z,52166656,0.6833,41,34,836,842816,4735,856,0,0,0.00025,0.0001,0.0001
2026-07-31T22:28:52Z,52215808,0.8333,50,30,837,843568,4754,857,0,0,0.0001,0.0001,0.005
2026-07-31T22:29:52Z,51916800,1.0,60,34,839,845072,4778,859,0,0,0.00025,0.0001,0.005
2026-07-31T22:30:52Z,51863552,0.6167,37,30,839,845072,4785,859,0,0,0.0001,0.0001,0.0001
2026-07-31T22:31:52Z,53178368,0.65,39,36,839,845072,4788,859,0,0,0.00025,0.0001,0.0001
2026-07-31T22:32:52Z,51478528,0.6833,41,28,839,845072,4801,859,0,0,0.0001,0.0001,0.0001
2026-07-31T22:33:52Z,50995200,0.5333,32,28,839,845072,4805,859,0,0,0.00025,0.0001,0.0001
2026-07-31T22:34:52Z,50364416,1.1,66,44,841,847216,4825,861,0,0,0.00025,0.0001,0.05
2026-07-31T22:35:52Z,50368512,0.7,42,38,841,847216,4829,861,0,0,0.00025,0.0001,0.0
2026-07-31T22:36:52Z,51974144,0.65,39,26,841,847216,4842,861,0,0,0.00025,0.0001,0.0001
2026-07-31T22:37:52Z,51990528,1.0,60,30,841,847856,4872,861,0,0,0.0001,0.0001,0.0001
2026-07-31T22:38:52Z,52015104,0.5833,35,30,841,847856,4877,861,0,0,0.0001,0.0001,0.0005
2026-07-31T22:39:52Z,51945472,0.6833,41,32,841,847856,4886,861,0,0,0.00025,0.0001,0.0001
2026-07-31T22:40:52Z,51953664,0.5,30,28,841,847856,4888,861,0,0,0.00025,0.0001,0.0
2026-07-31T22:41:52Z,52150272,0.5833,35,26,841,847856,4897,861,0,0,0.0001,0.0001,0.0001
2026-07-31T22:42:52Z,52088832,0.6,36,28,844,849792,4902,864,0,0,0.00025,0.0001,0.05
2026-07-31T22:43:52Z,52101120,0.5667,34,28,844,849792,4908,864,0,0,0.0001,0.0001,0.0001
2026-07-31T22:44:52Z,50401280,1.1167,67,40,850,859440,4929,870,0,0,0.00025,0.0001,0.005
2026-07-31T22:45:52Z,50380800,0.9667,58,42,855,870624,4940,875,0,0,0.00025,0.0001,0.005
2026-07-31T22:46:52Z,50683904,0.5667,34,30,855,870624,4944,875,0,0,0.00025,0.0001,0.0
2026-07-31T22:47:52Z,50724864,0.7,42,24,855,868384,4962,875,0,0,0.0001,0.0001,0.00075
2026-07-31T22:48:52Z,50679808,0.5833,35,28,855,868384,4969,875,0,0,0.0001,0.0005,0.0001
2026-07-31T22:49:52Z,50708480,0.7667,46,34,856,868800,4980,876,0,0,0.0001,0.0001,0.005
2026-07-31T22:50:52Z,50728960,0.6,36,26,856,868800,4990,876,0,0,0.0001,0.0001,0.0001
2026-07-31T22:51:52Z,51122176,0.6833,41,28,856,868800,5003,876,0,0,0.00025,0.0001,0.0001
2026-07-31T22:52:52Z,50630656,0.5833,35,30,856,868800,5008,876,0,0,0.0001,0.0001,0.0001
2026-07-31T22:53:52Z,50630656,0.7333,44,27,856,868800,5025,876,0,0,0.00025,0.0001,0.0001
2026-07-31T22:54:52Z,50647040,1.4,84,38,872,880096,5055,892,0,0,0.0001,0.0001,0.05
2026-07-31T22:55:52Z,50741248,1.2167,73,39,895,893728,5066,915,0,0,0.00025,0.0001,0.05
2026-07-31T22:56:52Z,51134464,0.6167,37,26,898,896304,5074,918,0,0,0.0001,0.0001,0.005
2026-07-31T22:57:52Z,51195904,1.5667,94,49,908,905680,5103,934,0,0,0.0001,0.0001,0.1
2026-07-31T22:58:52Z,51179520,3.2667,196,50,963,953968,5191,992,0,0,0.00025,0.0001,0.1
2026-07-31T22:59:52Z,50757632,1.7333,104,26,1006,1000288,5222,1039,0,0,0.0005,0.00025,0.1
2026-07-31T23:00:52Z,50798592,0.6333,38,34,1006,1000288,5226,1039,0,0,0.0005,0.0001,0.0001
2026-07-31T23:01:52Z,50487296,0.4833,29,26,1006,1000288,5229,1039,0,0,0.00025,0.0001,0.0001
2026-07-31T23:02:52Z,50483200,0.5333,32,26,1006,1000288,5235,1039,0,0,0.00025,0.0001,0.0
2026-07-31T23:03:52Z,50434048,0.6,36,28,1006,1000288,5243,1039,0,0,0.00025,0.0001,0.0001
2026-07-31T23:04:52Z,50507776,0.7,42,36,1006,1000288,5249,1039,0,0,0.00025,0.0001,0.0001
2026-07-31T23:05:52Z,50491392,0.5333,32,28,1006,1000288,5253,1039,0,0,0.00025,0.0001,0.0001
2026-07-31T23:06:52Z,51265536,0.5167,31,26,1006,1000288,5258,1039,0,0,0.0001,0.0001,0.0001
2026-07-31T23:07:52Z,51064832,0.7167,43,32,1006,1000288,5269,1039,0,0,0.00025,0.0001,0.0001
2026-07-31T23:08:52Z,50847744,0.6667,40,26,1006,1000288,5283,1039,0,0,0.00025,0.0001,0.0001
2026-07-31T23:09:52Z,50847744,0.95,57,30,1006,1000288,5310,1039,0,0,0.00025,0.0001,0.00075
2026-07-31T23:10:52Z,50847744,0.5,30,28,1006,1000288,5312,1039,0,0,0.0001,0.0001,0.0
2026-07-31T23:11:52Z,51032064,0.55,33,28,1006,1000288,5317,1039,0,0,0.00025,0.0001,0.0001
2026-07-31T23:12:52Z,50765824,0.55,33,26,1006,1000288,5324,1039,0,0,0.00025,0.0001,0.0
2026-07-31T23:13:52Z,50724864,0.5667,34,32,1006,1000288,5326,1039,0,0,0.0001,0.0001,0.0
2026-07-31T23:14:52Z,50794496,0.5,30,26,1006,1000288,5330,1039,0,0,0.00025,0.0001,0.0
2026-07-31T23:15:52Z,50786304,0.5,30,28,1006,1000288,5332,1039,0,0,0.00025,0.0001,0.0001
2026-07-31T23:16:52Z,51552256,0.6167,37,28,1006,1000288,5341,1039,0,0,0.00025,0.0001,0.00025
2026-07-31T23:17:52Z,50712576,0.55,33,26,1006,1000288,5348,1039,0,0,0.00025,0.0001,0.0001
2026-07-31T23:18:52Z,50708480,1.0,60,28,1006,1000288,5380,1039,0,0,0.00025,0.0001,0.00025
2026-07-31T23:19:52Z,50806784,0.7,42,34,1006,1000288,5388,1039,0,0,0.0001,0.0001,0.0001
2026-07-31T23:20:52Z,50708480,0.5667,34,30,1006,1000288,5392,1039,0,0,0.0001,0.0001,0.0001
2026-07-31T23:21:52Z,52482048,0.55,33,26,1006,1000288,5399,1039,0,0,0.0001,0.0001,0.00075
2026-07-31T23:22:52Z,52482048,0.5167,31,26,1006,1000288,5404,1039,0,0,0.00025,0.0001,0.0
2026-07-31T23:23:52Z,52572160,0.7167,43,24,1006,999968,5423,1039,0,0,0.0001,0.0001,0.0001
2026-07-31T23:24:52Z,50806784,0.5667,34,30,1006,999968,5427,1039,0,0,0.00025,0.0001,0.0
2026-07-31T23:25:52Z,50774016,0.3667,22,18,1006,999968,5431,1039,0,0,0.0001,0.0001,0.0001
2026-07-31T23:26:52Z,50745344,0.5167,31,28,1006,999968,5434,1039,0,0,0.00075,0.0001,0.0001
2026-07-31T23:27:52Z,50774016,0.4833,29,24,1006,999968,5439,1039,0,0,0.00025,0.0001,0.0001
2026-07-31T23:28:52Z,50724864,0.6833,41,30,1006,999968,5450,1039,0,0,0.0005,0.0001,0.0001
2026-07-31T23:29:52Z,50831360,1.05,63,32,1006,999968,5481,1039,0,0,0.0001,0.0001,0.0001
2026-07-31T23:30:52Z,50831360,0.55,33,28,1006,999968,5486,1039,0,0,0.0001,0.00025,0.0
2026-07-31T23:31:52Z,51339264,0.6,36,28,1006,999968,5494,1039,0,0,0.00025,0.0,0.0001
2026-07-31T23:32:52Z,51052544,0.5833,35,28,1006,999968,5501,1039,0,0,0.00025,0.0005,0.0001
2026-07-31T23:33:52Z,51093504,0.5333,32,28,1006,999968,5505,1039,0,0,0.00075,0.0001,0.0001
2026-07-31T23:34:52Z,50995200,0.7,42,36,1006,999968,5511,1039,0,0,0.0001,0.0001,0.0001
2026-07-31T23:35:52Z,50712576,0.5667,34,30,1006,999968,5515,1039,0,0,0.00025,0.0001,0.0
2026-07-31T23:36:52Z,51290112,0.7167,43,28,1006,999968,5530,1039,0,0,0.0001,0.0001,0.00025
2026-07-31T23:37:52Z,50257920,0.5167,31,26,1006,999968,5535,1039,0,0,0.00025,0.0001,0.0001
2026-07-31T23:38:52Z,50262016,0.6,36,28,1006,999968,5543,1039,0,0,0.00025,0.0001,0.0001
2026-07-31T23:39:52Z,50319360,0.5,30,28,1006,999968,5545,1039,0,0,0.00025,0.0001,0.0001
2026-07-31T23:40:52Z,50401280,0.5333,32,28,1006,999968,5549,1039,0,0,0.0001,0.00025,0.0
2026-07-31T23:41:52Z,50860032,0.4833,29,24,1006,999968,5554,1039,0,0,0.00025,0.0,0.0001
2026-07-31T23:42:52Z,50860032,0.6833,41,28,1006,999968,5567,1039,0,0,0.00025,0.0001,0.0001
2026-07-31T23:43:52Z,50950144,0.5667,34,26,1006,999968,5575,1039,0,0,0.00025,0.0001,0.0001
2026-07-31T23:44:52Z,50790400,0.75,45,30,1006,999968,5590,1039,0,0,0.0001,0.0001,0.00075
2026-07-31T23:45:52Z,50819072,0.5,30,26,1006,999968,5594,1039,0,0,0.00025,0.0001,0.0001
2026-07-31T23:46:52Z,51302400,0.55,33,30,1006,999968,5597,1039,0,0,0.00025,0.0001,0.0
2026-07-31T23:47:52Z,51326976,0.55,33,26,1006,999968,5604,1039,0,0,0.00025,0.0001,0.0001
2026-07-31T23:48:52Z,50401280,0.65,39,26,1006,999968,5617,1039,0,0,0.00025,0.0001,0.0001
2026-07-31T23:49:52Z,50429952,0.6667,40,34,1006,999968,5623,1039,0,0,0.00025,0.0001,0.0001
2026-07-31T23:50:52Z,50397184,0.5,30,28,1006,999968,5625,1039,0,0,0.0001,0.0001,0.0
2026-07-31T23:51:52Z,50888704,0.5833,35,28,1006,999968,5632,1039,0,0,0.0001,0.0001,0.00075
2026-07-31T23:52:52Z,50888704,0.5167,31,26,1006,999968,5637,1039,0,0,0.00025,0.0001,0.0001
2026-07-31T23:53:52Z,50900992,0.5833,35,28,1006,999968,5644,1039,0,0,0.00025,0.0001,0.00025
2026-07-31T23:54:52Z,50798592,0.4667,28,26,1006,999968,5646,1039,0,0,0.00025,0.0001,0.0
2026-07-31T23:55:52Z,50786304,0.6333,38,30,1006,999968,5654,1039,0,0,0.0001,0.0001,0.00025
2026-07-31T23:56:52Z,51052544,0.5167,31,26,1006,999968,5659,1039,0,0,0.0001,0.0001,0.00025
2026-07-31T23:57:52Z,51195904,0.55,33,26,1006,999968,5666,1039,0,0,0.00025,0.0001,0.0001
2026-07-31T23:58:52Z,51281920,0.6333,38,30,1006,999968,5674,1039,0,0,0.00025,0.00025,0.0001
2026-07-31T23:59:52Z,50909184,0.5667,34,28,1006,999968,5680,1039,0,0,0.0001,0.0001,0.0001
2026-08-01T00:00:52Z,50802688,0.5333,32,28,1006,999968,5684,1039,0,0,0.0001,0.0001,0.0
2026-08-01T00:01:52Z,51228672,0.4833,29,26,1006,999968,5687,1039,0,0,0.0001,0.0001,0.0001
2026-08-01T00:02:52Z,51281920,0.5167,31,26,1006,999968,5692,1039,0,0,0.00025,0.0001,0.0001
2026-08-01T00:03:52Z,50950144,0.65,39,28,1006,999968,5703,1039,0,0,0.0001,0.0001,0.001
2026-08-01T00:04:52Z,50950144,0.7667,46,36,1008,1003712,5711,1041,0,0,0.00025,0.0001,0.005
2026-08-01T00:05:52Z,50958336,0.6667,40,34,1008,1004032,5717,1041,0,0,0.00025,0.0001,0.0001
2026-08-01T00:06:52Z,51478528,0.4833,29,24,1008,1004032,5722,1041,0,0,0.0005,0.0001,0.0001
2026-08-01T00:07:52Z,51220480,0.65,39,28,1008,1004032,5733,1041,0,0,0.0001,0.0001,0.0001
2026-08-01T00:08:52Z,50733056,0.75,45,26,1008,1004032,5752,1041,0,0,0.0001,0.00025,0.0001
2026-08-01T00:09:52Z,50749440,0.7833,47,28,1008,1004032,5771,1041,0,0,0.00025,0.00025,0.0001
2026-08-01T00:10:52Z,50589696,0.55,33,28,1008,1004032,5776,1041,0,0,0.0001,0.0001,0.0001
2026-08-01T00:11:52Z,50921472,0.55,33,28,1008,1004032,5781,1041,0,0,0.0001,0.0001,0.0001
2026-08-01T00:12:52Z,51003392,0.55,33,26,1008,1004032,5788,1041,0,0,0.00025,0.0001,0.0
2026-08-01T00:13:52Z,51003392,0.5333,32,30,1008,1004032,5790,1041,0,0,0.0001,0.0001,0.0
2026-08-01T00:14:52Z,50950144,0.5333,32,24,1008,1004032,5798,1041,0,0,0.00025,0.0001,0.0001
2026-08-01T00:15:52Z,50532352,0.5333,32,30,1008,1004032,5800,1041,0,0,0.00025,0.0001,0.0
2026-08-01T00:16:52Z,50982912,0.4833,29,26,1008,1004032,5803,1041,0,0,0.00025,0.0001,0.0
2026-08-01T00:17:52Z,50974720,0.55,33,28,1008,1004032,5808,1041,0,0,0.0001,0.0001,0.0001
2026-08-01T00:18:52Z,50913280,0.5333,32,24,1008,1004032,5816,1041,0,0,0.0001,0.0001,0.0001
2026-08-01T00:19:52Z,50929664,0.7333,44,34,1008,1002752,5826,1041,0,0,0.00025,0.0001,0.0001
2026-08-01T00:20:52Z,50917376,0.5333,32,28,1008,1002752,5830,1041,0,0,0.0001,0.0001,0.0001
2026-08-01T00:21:52Z,51724288,0.6833,41,28,1008,1002752,5843,1041,0,0,0.0001,0.0001,0.0001
2026-08-01T00:22:52Z,50921472,0.55,33,28,1008,1002752,5848,1041,0,0,0.0001,0.0001,0.0001
2026-08-01T00:23:52Z,50921472,0.5333,32,28,1008,1002752,5852,1041,0,0,0.0001,0.0001,0.0
2026-08-01T00:24:52Z,50921472,1.1,66,26,1012,1005472,5888,1045,0,0,0.00025,0.0001,0.005
2026-08-01T00:25:52Z,50884608,2.3,138,86,1016,1007808,5936,1049,0,0,0.0001,0.00025,0.01
2026-08-01T00:26:52Z,51621888,1.05,63,50,1016,1007808,5949,1049,0,0,0.00025,0.0001,0.0001
2026-08-01T00:27:52Z,51638272,1.1167,67,52,1021,1010608,5959,1054,0,0,0.00025,0.0001,0.005
2026-08-01T00:28:52Z,51728384,0.6833,41,30,1021,1010608,5970,1054,0,0,0.00025,0.0001,0.0001
2026-08-01T00:29:52Z,51728384,0.7167,43,38,1021,1010608,5975,1054,0,0,0.00025,0.0001,0.0001
2026-08-01T00:30:52Z,51728384,0.7167,43,38,1021,1010608,5980,1054,0,0,0.0001,0.0001,0.0001
2026-08-01T00:31:52Z,52412416,0.5833,35,28,1021,1010608,5987,1054,0,0,0.00025,0.0001,0.0001
2026-08-01T00:32:52Z,52248576,0.7333,44,36,1021,1010608,5995,1054,0,0,0.00025,0.0001,0.0001
2026-08-01T00:33:52Z,50728960,0.6,36,32,1021,1010608,5999,1054,0,0,0.001,0.0001,0.0001
2026-08-01T00:34:52Z,50470912,0.95,57,44,1021,1010608,6012,1054,0,0,0.00025,0.0001,0.00025
2026-08-01T00:35:52Z,50446336,0.6,36,32,1021,1010608,6016,1054,0,0,0.00025,0.0001,0.0
2026-08-01T00:36:52Z,50823168,0.6333,38,30,1022,1011360,6023,1055,0,0,0.0001,0.0001,0.005
2026-08-01T00:37:52Z,50880512,0.6833,41,30,1024,1012832,6032,1057,0,0,0.00025,0.0001,0.01
2026-08-01T00:38:52Z,50810880,0.7833,47,30,1024,1012512,6049,1057,0,0,0.00025,0.0001,0.0001
2026-08-01T00:39:52Z,50851840,0.9833,59,38,1024,1012512,6070,1057,0,0,0.00025,0.0001,0.001
2026-08-01T00:40:52Z,50806784,0.5833,35,30,1024,1012512,6075,1057,0,0,0.0001,0.0001,0.0001
2026-08-01T00:41:52Z,51286016,0.6833,41,38,1024,1012512,6078,1057,0,0,0.0001,0.0001,0.0001
2026-08-01T00:42:52Z,51388416,0.55,33,28,1024,1012512,6083,1057,0,0,0.0001,0.0001,0.0
2026-08-01T00:43:52Z,51380224,0.7833,47,38,1024,1012512,6092,1057,0,0,0.00025,0.0001,0.0001
2026-08-01T00:44:52Z,51351552,0.6833,41,32,1024,1012512,6101,1057,0,0,0.00025,0.0001,0.0001
2026-08-01T00:45:52Z,50868224,0.6,36,32,1024,1012512,6105,1057,0,0,0.00025,0.0001,0.0001
2026-08-01T00:46:52Z,51286016,0.6167,37,34,1024,1012512,6108,1057,0,0,0.0001,0.0001,0.0
2026-08-01T00:47:52Z,51286016,0.85,51,32,1024,1012512,6127,1057,0,0,0.00025,0.0001,0.00025
2026-08-01T00:48:52Z,51302400,0.65,39,32,1024,1012512,6134,1057,0,0,0.0001,0.0001,0.0001
2026-08-01T00:49:52Z,51298304,0.85,51,40,1024,1012512,6145,1057,0,0,0.00025,0.0001,0.0001
2026-08-01T00:50:52Z,51347456,0.5,30,28,1024,1012512,6147,1057,0,0,0.00025,0.0001,0.0
2026-08-01T00:51:52Z,51621888,0.6167,37,32,1024,1012512,6152,1057,0,0,0.00025,0.0,0.0001
2026-08-01T00:52:52Z,51625984,0.5833,35,30,1024,1012512,6157,1057,0,0,0.00025,0.0001,0.0
2026-08-01T00:53:52Z,51675136,0.5333,32,30,1024,1012512,6159,1057,0,0,0.00025,0.0001,0.0001
2026-08-01T00:54:52Z,51580928,0.6,36,34,1024,1012512,6161,1057,0,0,0.0001,0.0001,0.0
2026-08-01T00:55:52Z,51671040,0.6,36,34,1024,1012512,6163,1057,0,0,0.0001,0.0001,0.0
2026-08-01T00:56:52Z,52195328,0.5333,32,26,1025,1013264,6168,1058,0,0,0.0001,0.0001,0.005
2026-08-01T00:57:52Z,50487296,0.6167,37,30,1025,1013264,6175,1058,0,0,0.0001,0.0001,0.0001
2026-08-01T00:58:52Z,50454528,0.65,39,34,1025,1013264,6180,1058,0,0,0.00025,0.0001,0.0001
2026-08-01T00:59:52Z,50573312,0.6833,41,34,1025,1013264,6187,1058,0,0,0.00025,0.0001,0.0001
2026-08-01T01:00:52Z,50475008,0.6833,41,32,1025,1013264,6196,1058,0,0,0.00025,0.0001,0.00025
2026-08-01T01:01:52Z,50659328,2.5333,152,42,1059,1042400,6270,1094,0,0,0.0001,0.00025,0.1
2026-08-01T01:02:52Z,50683904,3.35,201,70,1066,1048384,6393,1102,0,0,0.00025,0.0025,0.1
2026-08-01T01:03:52Z,50683904,1.3833,83,48,1070,1052352,6424,1106,0,0,0.0001,0.0001,0.025
2026-08-01T01:04:52Z,50683904,1.7833,107,42,1082,1063456,6474,1121,0,0,0.00025,0.00025,0.1
2026-08-01T01:05:52Z,50831360,0.8333,50,40,1084,1066560,6482,1123,0,0,0.00025,0.0001,0.005
2026-08-01T01:06:52Z,51392512,0.8167,49,44,1084,1066560,6487,1123,0,0,0.0001,0.0001,0.0001
2026-08-01T01:07:52Z,51048448,0.9,54,40,1084,1066560,6501,1123,0,0,0.0001,0.0001,0.0001
2026-08-01T01:08:52Z,50769920,0.9333,56,44,1084,1066560,6513,1123,0,0,0.00025,0.0001,0.00075
2026-08-01T01:09:52Z,50761728,1.2,72,42,1084,1066560,6543,1123,0,0,0.00025,0.0001,0.0001
2026-08-01T01:10:52Z,50786304,0.85,51,44,1086,1067776,6548,1125,0,0,0.00025,0.0001,0.005
2026-08-01T01:11:52Z,51240960,0.7333,44,38,1086,1067776,6554,1125,0,0,0.0001,0.0001,0.0001
2026-08-01T01:12:52Z,51236864,0.9167,55,48,1086,1067776,6561,1125,0,0,0.00025,0.00025,0.0
2026-08-01T01:13:52Z,50597888,0.8667,52,42,1086,1067776,6571,1125,0,0,0.0001,0.0001,0.0001
2026-08-01T01:14:52Z,50597888,0.9833,59,52,1086,1067776,6578,1125,0,0,0.0001,0.0001,0.0001
2026-08-01T01:15:52Z,50503680,0.7333,44,38,1086,1067776,6584,1125,0,0,0.00025,0.0001,0.0001
2026-08-01T01:16:52Z,50851840,0.8333,50,44,1086,1067776,6590,1125,0,0,0.00025,0.0001,0.0001
2026-08-01T01:17:52Z,50577408,0.75,45,38,1086,1067776,6597,1125,0,0,0.00025,0.0001,0.0001
2026-08-01T01:18:52Z,50577408,0.7833,47,40,1086,1067776,6604,1125,0,0,0.00025,0.0001,0.0001
2026-08-01T01:19:52Z,50593792,1.0833,65,56,1086,1067776,6613,1125,0,0,0.0001,0.0001,0.0001
2026-08-01T01:20:52Z,50593792,1.0333,62,46,1086,1067776,6629,1125,0,0,0.00025,0.0001,0.0001
2026-08-01T01:21:52Z,51200000,0.9,54,48,1086,1067776,6635,1125,0,0,0.0005,0.0001,0.0001
2026-08-01T01:22:52Z,50966528,0.8,48,46,1086,1067776,6637,1125,0,0,0.00025,0.0001,0.0
2026-08-01T01:23:52Z,50966528,1.45,87,48,1086,1067776,6676,1125,0,0,0.00025,0.0001,0.0001
2026-08-01T01:24:52Z,50991104,1.1167,67,43,1088,1068672,6698,1127,0,0,0.0001,0.0001,0.005
2026-08-01T01:25:52Z,50958336,0.95,57,48,1088,1068672,6707,1127,0,0,0.00025,0.00025,0.0001
2026-08-01T01:26:52Z,51294208,0.8333,50,42,1088,1068672,6715,1127,0,0,0.00075,0.0001,0.0001
2026-08-01T01:27:52Z,51064832,0.7667,46,42,1088,1068672,6719,1127,0,0,0.00025,0.0001,0.0
2026-08-01T01:28:52Z,51097600,0.8833,53,40,1088,1068672,6732,1127,0,0,0.00025,0.0001,0.0001
2026-08-01T01:29:52Z,51044352,0.8,48,40,1088,1068672,6740,1127,0,0,0.00025,0.00025,0.0001
2026-08-01T01:30:52Z,51044352,1.0167,61,48,1088,1068672,6753,1127,0,0,0.0001,0.0001,0.0001
2026-08-01T01:31:52Z,51146752,0.7333,44,42,1088,1068672,6755,1127,0,0,0.00025,0.0,0.0001
2026-08-01T01:32:52Z,51167232,0.8,48,44,1088,1068672,6759,1127,0,0,0.00025,0.0001,0.00025
2026-08-01T01:33:52Z,51179520,0.7833,47,40,1088,1068672,6766,1127,0,0,0.00025,0.0001,0.0001
2026-08-01T01:34:52Z,51179520,1.5167,91,58,1090,1069536,6797,1129,0,0,0.00025,0.0001,0.005
2026-08-01T01:35:52Z,51212288,1.2167,73,46,1090,1069536,6824,1129,0,0,0.0001,0.0001,0.0001
2026-08-01T01:36:52Z,51335168,1.0,60,48,1090,1069536,6836,1129,0,0,0.0001,0.0001,0.0001
2026-08-01T01:37:52Z,51253248,0.8667,52,46,1090,1069536,6842,1129,0,0,0.0001,0.0001,0.0001
2026-08-01T01:38:52Z,51253248,0.7333,44,32,1090,1069536,6854,1129,0,0,0.0001,0.0001,0.0001
2026-08-01T01:39:52Z,51036160,0.9,54,40,1090,1069536,6868,1129,0,0,0.00025,0.0001,0.0001
2026-08-01T01:40:52Z,51023872,1.2667,76,42,1090,1069536,6902,1129,0,0,0.0001,0.0001,0.00025
2026-08-01T01:41:52Z,51707904,0.8833,53,48,1090,1069536,6907,1129,0,0,0.0001,0.0001,0.0001
2026-08-01T01:42:52Z,51707904,0.7667,46,42,1090,1069536,6911,1129,0,0,0.0001,0.0001,0.0001
2026-08-01T01:43:52Z,51707904,0.8167,49,40,1090,1069536,6920,1129,0,0,0.0001,0.0001,0.0001
2026-08-01T01:44:52Z,51707904,0.8,48,42,1090,1069536,6926,1129,0,0,0.0001,0.0001,0.0001
2026-08-01T01:45:52Z,51683328,0.7833,47,40,1090,1069536,6933,1129,0,0,0.00025,0.0001,0.0001
2026-08-01T01:46:52Z,52330496,0.8,48,44,1090,1069536,6937,1129,0,0,0.0001,0.0001,0.0001
2026-08-01T01:47:52Z,52207616,0.9,54,48,1090,1069536,6943,1129,0,0,0.0001,0.0001,0.0001
2026-08-01T01:48:52Z,52207616,0.8333,50,40,1090,1069536,6953,1129,0,0,0.0001,0.0001,0.0001
2026-08-01T01:49:52Z,52207616,0.8,48,44,1090,1069536,6957,1129,0,0,0.00025,0.0001,0.0001
2026-08-01T01:50:52Z,52207616,0.85,51,48,1090,1069536,6960,1129,0,0,0.0001,0.0001,0.0
2026-08-01T01:51:52Z,52248576,0.6667,40,36,1090,1069536,6964,1129,0,0,0.0001,0.0001,0.0001
2026-08-01T01:52:52Z,52248576,0.9,54,46,1090,1069536,6972,1129,0,0,0.0001,0.0001,0.0001
2026-08-01T01:53:52Z,52248576,0.85,51,42,1090,1069536,6981,1129,0,0,0.0001,0.0001,0.0001
2026-08-01T01:54:52Z,52248576,0.7667,46,40,1090,1069536,6987,1129,0,0,0.0001,0.00025,0.0001
2026-08-01T01:55:52Z,52248576,0.7333,44,36,1090,1069536,6995,1129,0,0,0.0001,0.0001,0.0001
2026-08-01T01:56:52Z,52248576,0.7667,46,42,1090,1069536,6999,1129,0,0,0.00025,0.0001,0.0001
2026-08-01T01:57:52Z,52379648,0.6667,40,36,1090,1069536,7003,1129,0,0,0.0001,0.0001,0.0001
2026-08-01T01:58:52Z,52379648,0.9,54,46,1090,1069536,7011,1129,0,0,0.0001,0.0001,0.0001
2026-08-01T01:59:52Z,52383744,0.7,42,36,1090,1069536,7017,1129,0,0,0.0001,0.0001,0.0001
2026-08-01T02:00:52Z,52383744,0.85,51,46,1090,1069536,7022,1129,0,0,0.0001,0.0001,0.0001
2026-08-01T02:01:52Z,52617216,0.85,51,40,1090,1071456,7033,1129,0,0,0.00025,0.0001,0.0001
2026-08-01T02:02:52Z,52617216,0.9333,56,54,1090,1071456,7035,1129,0,0,0.00025,0.0001,0.0001
2026-08-01T02:03:52Z,52617216,0.8833,53,48,1090,1071456,7040,1129,0,0,0.0001,0.0001,0.0
2026-08-01T02:04:52Z,52617216,1.0,60,54,1090,1071456,7046,1129,0,0,0.0001,0.0001,0.0001
2026-08-01T02:05:52Z,52666368,0.9167,55,46,1090,1071456,7055,1129,0,0,0.0001,0.0001,0.0001
2026-08-01T02:06:52Z,53096448,0.7333,44,40,1090,1071456,7059,1129,0,0,0.00025,0.0001,0.0001
2026-08-01T02:07:52Z,53096448,0.85,51,46,1090,1071456,7064,1129,0,0,0.00025,0.0001,0.0
2026-08-01T02:08:52Z,53096448,0.9833,59,40,1090,1071456,7083,1129,0,0,0.0001,0.0001,0.0001
2026-08-01T02:09:52Z,53096448,1.0333,62,54,1090,1071456,7091,1129,0,0,0.0005,0.0001,0.0001
2026-08-01T02:10:52Z,53243904,1.1,66,44,1090,1071456,7113,1129,0,0,0.00025,0.00025,0.0001
2026-08-01T02:11:52Z,53936128,0.7667,46,40,1090,1071776,7119,1129,0,0,0.0001,0.0001,0.0001
2026-08-01T02:12:52Z,53915648,0.8333,50,44,1090,1071776,7125,1129,0,0,0.0001,0.0001,0.0001
2026-08-01T02:13:52Z,53882880,0.7833,47,42,1090,1071776,7130,1129,0,0,0.0001,0.0001,0.0
2026-08-01T02:14:52Z,53882880,0.9333,56,54,1090,1071776,7132,1129,0,0,0.00025,0.0001,0.0001
2026-08-01T02:15:52Z,53882880,1.1167,67,54,1092,1072640,7143,1131,0,0,0.0001,0.0001,0.005
2026-08-01T02:16:52Z,53805056,1.3333,80,56,1094,1073824,7165,1133,0,0,0.0001,0.0001,0.025
2026-08-01T02:17:52Z,52895744,1.0667,64,52,1094,1073824,7177,1133,0,0,0.0001,0.0001,0.0001
2026-08-01T02:18:52Z,52895744,1.0333,62,44,1094,1073824,7195,1133,0,0,0.0001,0.0001,0.0001
2026-08-01T02:19:52Z,52895744,1.0833,65,48,1094,1073824,7212,1133,0,0,0.0001,0.0001,0.00025
2026-08-01T02:20:52Z,52895744,1.05,63,58,1094,1073824,7217,1133,0,0,0.0001,0.0001,0.0001
2026-08-01T02:21:52Z,52895744,0.8,48,40,1094,1073824,7225,1133,0,0,0.0001,0.0001,0.0001
2026-08-01T02:22:52Z,52895744,0.8167,49,46,1094,1073824,7228,1133,0,0,0.0001,0.0001,0.0
2026-08-01T02:23:52Z,52895744,0.8833,53,44,1094,1073824,7237,1133,0,0,0.0001,0.0001,0.0001
2026-08-01T02:24:52Z,52883456,0.8333,50,44,1095,1075216,7242,1134,0,0,0.00025,0.0001,0.005
2026-08-01T02:25:52Z,52858880,1.0833,65,56,1095,1075216,7251,1134,0,0,0.0001,0.0001,0.0001
2026-08-01T02:26:52Z,52699136,1.05,63,58,1095,1075216,7256,1134,0,0,0.0001,0.0001,0.0001
2026-08-01T02:27:52Z,52699136,1.0333,62,54,1095,1075216,7264,1134,0,0,0.00025,0.0001,0.00025
2026-08-01T02:28:52Z,52080640,1.1,66,50,1095,1075216,7280,1134,0,0,0.0001,0.0001,0.0001
2026-08-01T02:29:52Z,52121600,0.8,48,46,1095,1075216,7282,1134,0,0,0.00025,0.0001,0.0
2026-08-01T02:30:52Z,52051968,1.0,60,56,1095,1075216,7286,1134,0,0,0.0005,0.0001,0.0001
2026-08-01T02:31:52Z,51957760,1.35,81,60,1095,1075216,7307,1134,0,0,0.0001,0.0001,0.0001
2026-08-01T02:32:52Z,51957760,1.1667,70,62,1095,1075216,7315,1134,0,0,0.00025,0.0001,0.0001
2026-08-01T02:33:52Z,52006912,0.3833,23,18,1095,1075216,7320,1134,0,0,0.0001,0.0001,0.0001
2026-08-01T02:34:52Z,51990528,0.4333,26,22,1095,1075216,7324,1134,0,0,0.0001,0.0001,0.0001
2026-08-01T02:35:52Z,51941376,0.2167,13,10,1095,1075216,7327,1134,0,0,0.0005,0.0001,0.0
2026-08-01T02:36:52Z,52715520,0.4333,26,18,1095,1075216,7335,1134,0,0,0.0001,0.0001,0.0001
2026-08-01T02:37:52Z,52768768,0.2833,17,12,1095,1075216,7340,1134,0,0,0.0001,0.0001,0.00025
2026-08-01T02:38:52Z,52756480,0.1667,10,8,1095,1075216,7342,1134,0,0,0.0001,0.0001,0.0001
2026-08-01T02:39:52Z,52756480,0.3333,20,12,1095,1075216,7350,1134,0,0,0.0005,0.0001,0.0001
2026-08-01T02:40:52Z,52699136,0.45,27,10,1095,1074896,7367,1134,0,0,0.0001,0.0001,0.0001
2026-08-01T02:41:52Z,52785152,0.2,12,10,1095,1074896,7369,1134,0,0,0.0001,0.0001,0.0001
2026-08-01T02:42:52Z,52838400,0.3667,22,20,1095,1074896,7371,1134,0,0,0.0001,0.0001,0.0
2026-08-01T02:43:52Z,52781056,0.1667,10,8,1095,1074896,7373,1134,0,0,0.0001,0.0001,0.0
2026-08-01T02:44:52Z,52793344,0.2667,16,12,1095,1074896,7377,1134,0,0,0.0001,0.0001,0.0
2026-08-01T02:45:52Z,52830208,0.1833,11,8,1095,1074896,7380,1134,0,0,0.0001,0.0001,0.0
2026-08-01T02:46:52Z,52973568,0.2667,16,14,1095,1074896,7382,1134,0,0,0.0001,0.0001,0.0
2026-08-01T02:47:52Z,52858880,0.3667,22,20,1095,1074896,7384,1134,0,0,0.0001,0.0001,0.0
2026-08-01T02:48:52Z,52854784,0.25,15,10,1095,1074896,7389,1134,0,0,0.0001,0.0001,0.0001
2026-08-01T02:49:52Z,52850688,0.3333,20,16,1095,1074896,7393,1134,0,0,0.00025,0.0001,0.0001
2026-08-01T02:50:52Z,52883456,0.2167,13,10,1095,1074896,7396,1134,0,0,0.0001,0.0001,0.0001
2026-08-01T02:51:52Z,52875264,0.3667,22,18,1095,1074896,7400,1134,0,0,0.00025,0.0001,0.0001
2026-08-01T02:52:52Z,52764672,0.2667,16,14,1095,1074896,7402,1134,0,0,0.0001,0.0001,0.0001
2026-08-01T02:53:52Z,52817920,0.3667,22,20,1095,1074896,7404,1134,0,0,0.0001,0.0001,0.0001
2026-08-01T02:54:52Z,52854784,0.2333,14,10,1095,1074896,7408,1134,0,0,0.0001,0.0001,0.0001
2026-08-01T02:55:52Z,52805632,0.2167,13,10,1095,1074896,7411,1134,0,0,0.0001,0.0001,0.0
2026-08-01T02:56:52Z,52858880,0.2333,14,12,1095,1074896,7413,1134,0,0,0.0001,0.0001,0.0
2026-08-01T02:57:52Z,52744192,0.2,12,10,1095,1074896,7415,1134,0,0,0.0001,0.0001,0.0
2026-08-01T02:58:52Z,52731904,0.3333,20,18,1095,1074896,7417,1134,0,0,0.0001,0.0001,0.0
2026-08-01T02:59:52Z,52785152,0.2333,14,12,1095,1074896,7419,1134,0,0,0.0001,0.0001,0.0001
2026-08-01T03:00:52Z,52826112,0.25,15,12,1095,1074896,7422,1134,0,0,0.0001,0.0001,0.0
2026-08-01T03:01:52Z,52809728,0.2333,14,12,1095,1074896,7424,1134,0,0,0.0001,0.0001,0.0001
2026-08-01T03:02:52Z,52977664,0.3667,22,18,1095,1074896,7428,1134,0,0,0.0001,0.0001,0.0001
2026-08-01T03:03:52Z,52936704,0.1667,10,8,1095,1074896,7430,1134,0,0,0.0001,0.0001,0.0001
2026-08-01T03:04:52Z,53006336,0.6,36,30,1095,1074896,7436,1134,0,0,0.0001,0.0001,0.0001
2026-08-01T03:05:52Z,53055488,0.25,15,12,1095,1074896,7439,1134,0,0,0.0001,0.0001,0.0
2026-08-01T03:06:52Z,53059584,0.2,12,10,1095,1074896,7441,1134,0,0,0.0001,0.0001,0.0
2026-08-01T03:07:52Z,53039104,0.2333,14,12,1095,1074896,7443,1134,0,0,0.0001,0.0001,0.0
2026-08-01T03:08:52Z,53080064,0.2,12,10,1095,1074896,7445,1134,0,0,0.0001,0.0001,0.0001
2026-08-01T03:09:52Z,53071872,0.3333,20,18,1095,1074896,7447,1134,0,0,0.0001,0.0001,0.0
2026-08-01T03:10:52Z,53071872,0.2167,13,8,1095,1074896,7452,1134,0,0,0.0001,0.0001,0.0001
2026-08-01T03:11:52Z,53022720,0.2667,16,12,1095,1074896,7456,1134,0,0,0.0001,0.0001,0.0001
2026-08-01T03:12:52Z,53026816,0.3,18,12,1096,1077568,7461,1135,0,0,0.0001,0.0001,0.005
2026-08-01T03:13:52Z,53067776,0.2,12,10,1096,1077568,7463,1135,0,0,0.00025,0.0001,0.0
2026-08-01T03:14:52Z,53002240,0.2,12,10,1096,1077568,7465,1135,0,0,0.0001,0.0001,0.0001
2026-08-01T03:15:52Z,52994048,0.35,21,18,1096,1077568,7468,1135,0,0,0.0001,0.0001,0.0001
2026-08-01T03:16:52Z,53022720,0.2333,14,12,1096,1077568,7470,1135,0,0,0.0005,0.0001,0.0001
2026-08-01T03:17:52Z,53022720,0.2333,14,10,1096,1077568,7474,1135,0,0,0.0001,0.0001,0.0001
2026-08-01T03:18:52Z,53010432,0.2,12,10,1096,1077568,7476,1135,0,0,0.0001,0.0001,0.0001
2026-08-01T03:19:52Z,53010432,0.4333,26,20,1096,1077568,7482,1135,0,0,0.00025,0.0001,0.0001
2026-08-01T03:20:52Z,53006336,0.35,21,18,1096,1077568,7485,1135,0,0,0.0001,0.0001,0.0001
2026-08-01T03:21:52Z,53100544,0.2,12,10,1096,1077568,7487,1135,0,0,0.0001,0.0001,0.0001
2026-08-01T03:22:52Z,52989952,0.2333,14,12,1096,1077568,7489,1135,0,0,0.0001,0.0001,0.0
2026-08-01T03:23:52Z,52981760,0.2333,14,10,1096,1077568,7493,1135,0,0,0.0001,0.0001,0.0001
2026-08-01T03:24:52Z,52928512,0.2,12,8,1096,1077568,7497,1135,0,0,0.0001,0.0001,0.0001
2026-08-01T03:25:52Z,52924416,0.2167,13,10,1096,1077568,7500,1135,0,0,0.0001,0.0001,0.0001
2026-08-01T03:26:52Z,55648256,0.4,24,22,1096,1077568,7502,1135,0,0,0.0001,0.0001,0.0
2026-08-01T03:27:52Z,55713792,0.2333,14,12,1096,1077568,7504,1135,0,0,0.00025,0.0001,0.0001
2026-08-01T03:28:52Z,55619584,0.2333,14,12,1096,1077568,7506,1135,0,0,0.00025,0.0001,0.0001
2026-08-01T03:29:52Z,55611392,0.2,12,10,1096,1077568,7508,1135,0,0,0.0001,0.0001,0.0
2026-08-01T03:30:52Z,55644160,0.1833,11,8,1096,1077568,7511,1135,0,0,0.0001,0.0001,0.0001
2026-08-01T03:31:52Z,55848960,0.4333,26,22,1096,1077568,7515,1135,0,0,0.0001,0.0001,0.0001
2026-08-01T03:32:52Z,55898112,0.3333,20,16,1096,1077568,7519,1135,0,0,0.0005,0.0001,0.0001
2026-08-01T03:33:52Z,55926784,0.2667,16,10,1096,1077888,7525,1135,0,0,0.0001,0.0001,0.0001
2026-08-01T03:34:52Z,55873536,0.3667,22,16,1096,1077888,7531,1135,0,0,0.0001,0.0001,0.0001
2026-08-01T03:35:52Z,55869440,0.25,15,10,1096,1077888,7536,1135,0,0,0.0001,0.0001,0.0001
2026-08-01T03:36:52Z,55910400,0.2333,14,12,1096,1077888,7538,1135,0,0,0.0001,0.0001,0.0
2026-08-01T03:37:52Z,55803904,0.3667,22,20,1096,1077888,7540,1135,0,0,0.0001,0.0001,0.0001
2026-08-01T03:38:52Z,55857152,0.1667,10,8,1096,1077888,7542,1135,0,0,0.0001,0.0001,0.0001
2026-08-01T03:39:52Z,55848960,0.6667,40,28,1096,1077888,7554,1135,0,0,0.0001,0.0001,0.0001
2026-08-01T03:40:52Z,55848960,0.3833,23,16,1096,1077888,7561,1135,0,0,0.0001,0.0001,0.0001
2026-08-01T03:41:52Z,55873536,0.2,12,10,1096,1077888,7563,1135,0,0,0.0001,0.0,0.0001
2026-08-01T03:42:52Z,55869440,0.4,24,22,1096,1077888,7565,1135,0,0,0.00025,0.0001,0.0
2026-08-01T03:43:52Z,55812096,0.1667,10,8,1096,1077888,7567,1135,0,0,0.0001,0.0001,0.0001
2026-08-01T03:44:52Z,55865344,0.2333,14,10,1096,1078848,7571,1135,0,0,0.0001,0.0001,0.0001
2026-08-01T03:45:52Z,55902208,0.2167,13,10,1096,1078848,7574,1135,0,0,0.0001,0.0001,0.0001
2026-08-01T03:46:52Z,55799808,0.2333,14,12,1096,1078848,7576,1135,0,0,0.0001,0.0001,0.0
2026-08-01T03:47:52Z,55803904,0.2,12,10,1096,1078848,7578,1135,0,0,0.0001,0.0001,0.0
2026-08-01T03:48:52Z,55803904,0.4667,28,18,1098,1081632,7585,1138,0,0,0.0001,0.0001,0.05
2026-08-01T03:49:52Z,55853056,0.7333,44,20,1098,1081312,7609,1138,0,0,0.0001,0.0001,0.0001
2026-08-01T03:50:52Z,55840768,0.25,15,12,1098,1081312,7612,1138,0,0,0.0001,0.0001,0.0
2026-08-01T03:51:52Z,56020992,0.3167,19,10,1100,1084448,7618,1141,0,0,0.0001,0.0001,0.05
2026-08-01T03:52:52Z,55955456,0.3667,22,18,1100,1084448,7622,1141,0,0,0.0001,0.0001,0.0001
2026-08-01T03:53:52Z,55906304,0.3,18,16,1100,1084448,7624,1141,0,0,0.0001,0.0001,0.0001
2026-08-01T03:54:52Z,55910400,0.2333,14,12,1100,1084448,7626,1141,0,0,0.0001,0.0001,0.0001
2026-08-01T03:55:52Z,55898112,0.2833,17,12,1100,1084448,7631,1141,0,0,0.0001,0.0001,0.0001
2026-08-01T03:56:52Z,55885824,0.2,12,10,1100,1084448,7633,1141,0,0,0.00025,0.0001,0.0001
2026-08-01T03:57:52Z,55873536,0.2333,14,12,1100,1084448,7635,1141,0,0,0.00025,0.0001,0.0
2026-08-01T03:58:52Z,55869440,0.2,12,10,1100,1084448,7637,1141,0,0,0.0001,0.0001,0.0
2026-08-01T03:59:52Z,55869440,0.3333,20,18,1100,1084448,7639,1141,0,0,0.0001,0.0001,0.0
2026-08-01T04:00:52Z,55861248,0.2167,13,10,1100,1084448,7642,1141,0,0,0.0001,0.0001,0.0
2026-08-01T04:01:52Z,55873536,0.2,12,10,1100,1084448,7644,1141,0,0,0.0001,0.0,0.0001
2026-08-01T04:02:52Z,55803904,0.3,18,16,1100,1084448,7646,1141,0,0,0.0001,0.0001,0.0
2026-08-01T04:03:52Z,55803904,0.2333,14,10,1100,1084448,7650,1141,0,0,0.0001,0.0001,0.0001
2026-08-01T04:04:52Z,55746560,0.4333,26,22,1100,1084448,7654,1141,0,0,0.0001,0.0001,0.0001
2026-08-01T04:05:52Z,55738368,0.25,15,12,1100,1084448,7657,1141,0,0,0.00025,0.0001,0.0001
2026-08-01T04:06:52Z,55836672,0.2333,14,12,1100,1084448,7659,1141,0,0,0.0001,0.0001,0.0
2026-08-01T04:07:52Z,55734272,0.2667,16,14,1100,1084448,7661,1141,0,0,0.0001,0.0001,0.0001
2026-08-01T04:08:52Z,55783424,0.35,21,16,1100,1084448,7666,1141,0,0,0.0001,0.0001,0.0001
2026-08-01T04:09:52Z,55812096,0.2,12,10,1100,1084448,7668,1141,0,0,0.00025,0.0001,0.0
2026-08-01T04:10:52Z,55812096,0.65,39,26,1100,1083808,7681,1141,0,0,0.00025,0.0001,0.00025
2026-08-01T04:11:52Z,55812096,0.3167,19,16,1100,1083808,7684,1141,0,0,0.00025,0.0001,0.0001
2026-08-01T04:12:52Z,55754752,0.2333,14,12,1100,1083808,7686,1141,0,0,0.0001,0.0001,0.0
2026-08-01T04:13:52Z,55750656,0.2333,14,12,1100,1083808,7688,1141,0,0,0.0001,0.0001,0.0
2026-08-01T04:14:52Z,55697408,0.3,18,16,1100,1083808,7690,1141,0,0,0.0001,0.0001,0.0
2026-08-01T04:15:52Z,55738368,0.5167,31,18,1100,1082848,7703,1141,0,0,0.0001,0.0001,0.0001
2026-08-01T04:16:52Z,55721984,0.2667,16,12,1100,1082848,7707,1141,0,0,0.0001,0.0001,0.0001
2026-08-01T04:17:52Z,55762944,0.2333,14,12,1100,1082848,7709,1141,0,0,0.00025,0.0001,0.0001
2026-08-01T04:18:52Z,55762944,0.2,12,10,1100,1082848,7711,1141,0,0,0.0001,0.0001,0.0
2026-08-01T04:19:52Z,55762944,0.3667,22,18,1100,1082848,7715,1141,0,0,0.0001,0.0001,0.0001
2026-08-01T04:20:52Z,55705600,0.2167,13,10,1100,1082848,7718,1141,0,0,0.0001,0.0001,0.0001
2026-08-01T04:21:52Z,55828480,0.3,18,16,1100,1082848,7720,1141,0,0,0.0001,0.0,0.0001
2026-08-01T04:22:52Z,55762944,0.3167,19,14,1100,1082848,7725,1141,0,0,0.0001,0.0001,0.0001
2026-08-01T04:23:52Z,55812096,0.2,12,10,1100,1082848,7727,1141,0,0,0.0001,0.0001,0.0
2026-08-01T04:24:52Z,55799808,0.2,12,10,1100,1082848,7729,1141,0,0,0.0001,0.0001,0.0001
2026-08-01T04:25:52Z,55840768,0.2833,17,12,1100,1082848,7734,1141,0,0,0.0001,0.0001,0.0001
2026-08-01T04:26:52Z,55836672,0.3,18,16,1100,1082848,7736,1141,0,0,0.0001,0.0001,0.0
2026-08-01T04:27:52Z,55934976,0.2333,14,12,1100,1082848,7738,1141,0,0,0.0005,0.0001,0.0001
2026-08-01T04:28:52Z,55926784,0.2,12,10,1100,1082848,7740,1141,0,0,0.0001,0.0001,0.0
2026-08-01T04:29:52Z,55926784,0.2667,16,12,1100,1082848,7744,1141,0,0,0.0001,0.0001,0.0001
2026-08-01T04:30:52Z,55918592,0.2167,13,10,1100,1082848,7747,1141,0,0,0.00025,0.0001,0.0001
2026-08-01T04:31:52Z,55865344,0.2,12,10,1100,1082848,7749,1141,0,0,0.0001,0.0001,0.0001
2026-08-01T04:32:52Z,55857152,0.4,24,22,1100,1082848,7751,1141,0,0,0.0001,0.0001,0.0
2026-08-01T04:33:52Z,55857152,0.3,18,14,1100,1082848,7755,1141,0,0,0.0001,0.0001,0.0001
2026-08-01T04:34:52Z,55902208,0.3333,20,16,1100,1082848,7759,1141,0,0,0.0001,0.0001,0.0001
2026-08-01T04:35:52Z,55844864,0.2833,17,14,1100,1082848,7762,1141,0,0,0.0001,0.0001,0.0
2026-08-01T04:36:52Z,55840768,0.1667,10,8,1100,1082848,7764,1141,0,0,0.0001,0.0001,0.0
2026-08-01T04:37:52Z,55791616,0.4333,26,24,1100,1082848,7766,1141,0,0,0.0001,0.0001,0.0001
2026-08-01T04:38:52Z,55840768,0.3,18,12,1100,1082848,7772,1141,0,0,0.0025,0.0001,0.0001
2026-08-01T04:39:52Z,55877632,0.2667,16,10,1100,1082848,7778,1141,0,0,0.00025,0.0001,0.0001
2026-08-01T04:40:52Z,55820288,0.2167,13,10,1100,1082848,7781,1141,0,0,0.0001,0.0001,0.0001
2026-08-01T04:41:52Z,55771136,0.2,12,10,1100,1082848,7783,1141,0,0,0.00025,0.0001,0.0001
2026-08-01T04:42:52Z,55816192,0.2333,14,12,1100,1082848,7785,1141,0,0,0.0001,0.0001,0.0001
2026-08-01T04:43:52Z,55808000,0.3333,20,18,1100,1082848,7787,1141,0,0,0.0001,0.0001,0.0001
2026-08-01T04:44:52Z,55853056,0.2667,16,12,1100,1082848,7791,1141,0,0,0.0001,0.0001,0.0001
2026-08-01T04:45:52Z,55836672,0.2167,13,10,1100,1082848,7794,1141,0,0,0.0001,0.0001,0.0
2026-08-01T04:46:52Z,55803904,0.25,15,12,1100,1082848,7797,1141,0,0,0.0001,0.0001,0.0001
2026-08-01T04:47:52Z,55832576,0.2667,16,12,1100,1082848,7801,1141,0,0,0.0001,0.0001,0.0
2026-08-01T04:48:52Z,55832576,0.3333,20,18,1100,1082848,7803,1141,0,0,0.0001,0.0001,0.0001
2026-08-01T04:49:52Z,55828480,0.3333,20,16,1100,1082848,7807,1141,0,0,0.0001,0.0001,0.0001
2026-08-01T04:50:52Z,55779328,0.35,21,16,1100,1082848,7812,1141,0,0,0.00025,0.0001,0.0001
2026-08-01T04:51:52Z,56197120,0.1667,10,8,1100,1082848,7814,1141,0,0,0.0001,0.0001,0.0001
2026-08-01T04:52:52Z,55599104,0.3667,22,18,1100,1082848,7818,1141,0,0,0.0001,0.0001,0.0001
2026-08-01T04:53:52Z,53264384,0.2333,14,12,1100,1082848,7820,1141,0,0,0.00025,0.0001,0.0001
2026-08-01T04:54:52Z,54120448,0.4,24,20,1100,1082848,7824,1141,0,0,0.0001,0.0001,0.0001
2026-08-01T04:55:52Z,54161408,0.45,27,10,1100,1083488,7841,1141,0,0,0.0001,0.0001,0.00025
2026-08-01T04:56:52Z,54169600,0.2333,14,12,1100,1083488,7843,1141,0,1,0.00025,0.0001,0.0
2026-08-01T04:57:52Z,54202368,0.2,12,10,1099,1083056,7845,1141,0,4,0.0001,0.0001,0.0001
2026-08-01T04:58:52Z,54145024,0.2,12,10,1099,1083056,7847,1141,0,4,0.0001,0.0001,0.0
2026-08-01T04:59:52Z,54104064,0.4667,28,24,1099,1083056,7851,1141,0,4,0.0001,0.0001,0.00025
2026-08-01T05:00:52Z,54185984,0.2167,13,10,1099,1083056,7854,1141,0,4,0.0001,0.0001,0.0001
2026-08-01T05:01:52Z,54169600,0.2,12,10,1099,1083056,7856,1141,0,4,0.0001,0.0001,0.0001
2026-08-01T05:02:52Z,54194176,0.3167,19,14,1099,1083056,7861,1141,0,4,0.0001,0.0001,0.0001
2026-08-01T05:03:52Z,54132736,0.2,12,10,1095,1081376,7863,1141,0,41,0.0001,0.0001,0.0001
2026-08-01T05:04:52Z,54153216,0.4333,26,22,1095,1081376,7867,1141,0,41,0.0001,0.0001,0.0001
2026-08-01T05:05:52Z,54099968,0.3833,23,20,1095,1081376,7870,1141,0,56,0.0001,0.0001,0.0001
2026-08-01T05:06:52Z,54177792,0.1667,10,8,1095,1081376,7872,1141,0,78,0.0001,0.0001,0.0
2026-08-01T05:07:52Z,54173696,0.2667,16,14,1095,1081376,7874,1141,0,78,0.00025,0.0001,0.0
2026-08-01T05:08:52Z,54157312,0.2,12,10,1095,1081376,7876,1141,0,78,0.0001,0.0001,0.0001
2026-08-01T05:09:52Z,54108160,0.2,12,8,1017,1025536,7880,1141,0,0,0.0001,0.0001,0.0001
2026-08-01T05:10:52Z,54108160,1.2333,74,26,1029,1034560,7916,1153,0,0,0.0001,0.0001,0.005
2026-08-01T05:11:52Z,54140928,0.2,12,10,1029,1034560,7918,1153,0,0,0.0001,0.0001,0.0001
2026-08-01T05:12:52Z,54038528,0.2333,14,12,1029,1034560,7920,1153,0,7,0.0001,0.0001,0.0001
2026-08-01T05:13:52Z,54140928,0.2,12,10,1029,1034560,7922,1153,0,7,0.0001,0.0001,0.0001
2026-08-01T05:14:52Z,54071296,0.2667,16,10,1029,1034560,7928,1153,0,7,0.0001,0.0001,0.00025
2026-08-01T05:15:52Z,54026240,0.25,15,12,1022,1031536,7931,1153,0,0,0.0001,0.0001,0.0001
2026-08-01T05:16:52Z,54132736,0.3667,22,20,1022,1031536,7933,1153,0,2,0.00025,0.0001,0.0
2026-08-01T05:17:52Z,54116352,0.2667,16,14,1022,1031536,7935,1153,0,2,0.00025,0.0001,0.0
2026-08-01T05:18:52Z,54063104,0.2333,14,10,1022,1031536,7939,1153,0,4,0.0001,0.0001,0.0001
2026-08-01T05:19:52Z,54063104,0.4,24,18,1022,1032496,7945,1153,0,16,0.0001,0.0001,0.0001
2026-08-01T05:20:52Z,54067200,0.2167,13,10,1022,1032496,7948,1153,0,18,0.00025,0.0001,0.0001
2026-08-01T05:21:52Z,54054912,0.3333,20,18,1004,1007680,7950,1153,0,17,0.0001,0.0001,0.0001
2026-08-01T05:22:52Z,54059008,0.2,12,10,1004,1007680,7952,1153,0,18,0.0001,0.0001,0.0
2026-08-01T05:23:52Z,54059008,0.2667,16,12,1004,1007680,7956,1153,0,21,0.0001,0.0001,0.0001
2026-08-01T05:24:52Z,54132736,0.1667,10,8,1004,1007680,7958,1153,0,23,0.0001,0.0001,0.0001
2026-08-01T05:25:52Z,54038528,0.2333,14,10,1004,1007680,7962,1153,0,23,0.00025,0.0001,0.0
2026-08-01T05:26:52Z,54042624,0.1667,10,8,1004,1007680,7964,1153,0,25,0.00025,0.0001,0.0001
2026-08-01T05:27:52Z,54108160,0.4,24,22,979,992576,7966,1153,0,1,0.00025,0.0001,0.0
2026-08-01T05:28:52Z,54050816,0.2,12,10,979,992576,7968,1153,0,1,0.0001,0.0001,0.0
2026-08-01T05:29:52Z,54095872,0.4,24,10,979,992576,7982,1153,0,2,0.0001,0.0001,0.0001
2026-08-01T05:30:52Z,54001664,0.2167,13,10,979,992576,7985,1153,0,2,0.0001,0.0001,0.0001
2026-08-01T05:31:52Z,54005760,0.2333,14,12,979,992576,7987,1153,0,3,0.0001,0.0,0.0001
2026-08-01T05:32:52Z,54038528,0.4333,26,20,979,992576,7993,1153,0,5,0.0001,0.0001,0.0001
2026-08-01T05:33:52Z,54083584,0.3333,20,14,974,989136,7999,1153,0,1,0.0001,0.0001,0.0001
2026-08-01T05:34:52Z,54083584,0.5,30,22,974,989136,8007,1153,0,2,0.0001,0.0001,0.0001
2026-08-01T05:35:52Z,54112256,0.2167,13,10,974,989136,8010,1153,0,3,0.0001,0.0001,0.0
2026-08-01T05:36:52Z,54018048,0.3,18,16,974,989136,8012,1153,0,4,0.00025,0.0001,0.0001
2026-08-01T05:37:52Z,54022144,0.2333,14,12,974,989136,8014,1153,0,5,0.0005,0.0001,0.0001
2026-08-01T05:38:52Z,53964800,0.3,18,16,974,989136,8016,1153,0,6,0.0005,0.0001,0.0
2026-08-01T05:39:52Z,54054912,0.4667,28,14,968,984624,8030,1153,0,6,0.00025,0.0001,0.0001
2026-08-01T05:40:52Z,53989376,1.4833,89,44,983,1007760,8060,1168,0,6,0.00025,0.0001,0.005
2026-08-01T05:41:52Z,53989376,0.6833,41,22,983,1007760,8079,1168,0,6,0.0001,0.0,0.0005
2026-08-01T05:42:52Z,53440512,0.2333,14,12,983,1007760,8081,1168,0,7,0.0001,0.0001,0.0
2026-08-01T05:43:52Z,53391360,0.3667,22,20,983,1007760,8083,1168,0,8,0.0001,0.0001,0.0
2026-08-01T05:44:52Z,53379072,0.2333,14,10,983,1007760,8087,1168,0,8,0.00025,0.0001,0.0001
2026-08-01T05:45:52Z,53415936,0.25,15,10,975,1002384,8092,1168,0,0,0.0001,0.0001,0.0001
2026-08-01T05:46:52Z,53411840,0.2,12,10,975,1002384,8094,1168,0,1,0.0001,0.0001,0.0
2026-08-01T05:47:52Z,53411840,0.2667,16,14,975,1002384,8096,1168,0,1,0.00025,0.0001,0.0001
2026-08-01T05:48:52Z,53448704,0.2333,14,12,975,1002384,8098,1168,0,1,0.00025,0.0001,0.0
2026-08-01T05:49:52Z,53440512,0.4667,28,24,975,1002384,8102,1168,0,1,0.00025,0.0001,0.0001
2026-08-01T05:50:52Z,53387264,0.2833,17,14,975,1002384,8105,1168,0,1,0.0001,0.0001,0.0
2026-08-01T05:51:52Z,53379072,0.2333,14,10,974,1001952,8109,1168,0,6,0.0001,0.0001,0.0001
2026-08-01T05:52:52Z,53325824,0.2333,14,12,974,1001952,8111,1168,0,7,0.0001,0.0001,0.0001
2026-08-01T05:53:52Z,53374976,0.2667,16,14,974,1001952,8113,1168,0,7,0.0001,0.0001,0.0001
2026-08-01T05:54:52Z,53313536,0.3667,22,20,974,1001952,8115,1168,0,8,0.0001,0.0001,0.0
2026-08-01T05:55:52Z,53440512,0.1833,11,8,974,1001952,8118,1168,0,8,0.0001,0.0001,0.0001
2026-08-01T05:56:52Z,53927936,0.2333,14,12,974,1001952,8120,1168,0,8,0.0001,0.0001,0.0
2026-08-01T05:57:52Z,53911552,0.2667,16,10,966,992096,8126,1168,0,0,0.0001,0.0001,0.0001
2026-08-01T05:58:52Z,53903360,0.2333,14,12,966,992096,8128,1168,0,1,0.0001,0.0001,0.0
2026-08-01T05:59:52Z,53854208,0.2,12,10,966,992096,8130,1168,0,1,0.0001,0.0001,0.0
2026-08-01T06:00:52Z,53858304,0.3833,23,18,966,992096,8135,1168,0,2,0.00025,0.0001,0.0001
2026-08-01T06:01:52Z,53829632,0.2667,16,10,966,992096,8141,1168,0,2,0.0001,0.0001,0.0005
2026-08-01T06:02:52Z,53907456,0.5,30,14,966,991776,8157,1168,0,2,0.00025,0.0001,0.0001
2026-08-01T06:03:52Z,52211712,0.3333,20,16,964,990912,8161,1168,0,1,0.0001,0.0001,0.0001
2026-08-01T06:04:52Z,52396032,0.3667,22,16,964,990912,8167,1168,0,1,0.0001,0.0001,0.0001
2026-08-01T06:05:52Z,52391936,0.4167,25,22,964,990912,8170,1168,0,1,0.00025,0.0001,0.0001
2026-08-01T06:06:52Z,52371456,0.2833,17,8,964,990912,8179,1168,0,1,0.0001,0.0001,0.0001
2026-08-01T06:07:52Z,52371456,0.3667,22,18,964,990912,8183,1168,0,1,0.0001,0.0001,0.0001
2026-08-01T06:08:52Z,52371456,0.1667,10,8,964,990912,8185,1168,0,1,0.0001,0.0001,0.0
2026-08-01T06:09:52Z,52371456,0.2667,16,14,963,990480,8187,1168,0,0,0.0001,0.0001,0.0
2026-08-01T06:10:52Z,52314112,0.2167,13,10,963,990480,8190,1168,0,0,0.0001,0.0001,0.0001
2026-08-01T06:11:52Z,55091200,0.3,18,16,963,990480,8192,1168,0,0,0.0001,0.0001,0.0001
2026-08-01T06:12:52Z,55128064,0.2667,16,14,963,990480,8194,1168,0,0,0.0001,0.0001,0.0001
2026-08-01T06:13:52Z,55119872,0.1667,10,8,963,990480,8196,1168,0,0,0.0001,0.0001,0.0
2026-08-01T06:14:52Z,55111680,0.3,18,16,963,990480,8198,1168,0,0,0.0001,0.0001,0.0
2026-08-01T06:15:52Z,55148544,0.2167,13,10,963,990480,8201,1168,0,0,0.00025,0.0001,0.0001
2026-08-01T06:16:52Z,55189504,0.3667,22,20,963,990480,8203,1168,0,0,0.0001,0.0001,0.0
2026-08-01T06:17:52Z,55087104,0.2333,14,12,963,990480,8205,1168,0,1,0.0001,0.0001,0.0
2026-08-01T06:18:52Z,55136256,0.2333,14,12,963,990480,8207,1168,0,1,0.0001,0.0001,0.0001
2026-08-01T06:19:52Z,55087104,0.4,24,18,963,990480,8213,1168,0,1,0.0001,0.0001,0.0001
2026-08-01T06:20:52Z,55037952,0.2833,17,14,963,990480,8216,1168,0,1,0.0001,0.0001,0.0001
2026-08-01T06:21:52Z,55037952,0.2667,16,14,962,990048,8218,1168,0,0,0.0001,0.0001,0.0001
2026-08-01T06:22:52Z,55017472,0.3667,22,18,962,991328,8222,1168,0,0,0.0001,0.0001,0.0001
2026-08-01T06:23:52Z,55037952,0.2,12,10,962,991328,8224,1168,0,1,0.0001,0.0001,0.0
2026-08-01T06:24:52Z,54980608,0.1667,10,8,962,991328,8226,1168,0,3,0.0001,0.0001,0.0
2026-08-01T06:25:52Z,54939648,0.25,15,12,962,991328,8229,1168,0,3,0.0001,0.0001,0.0001
2026-08-01T06:26:52Z,54984704,0.2,12,10,962,991328,8231,1168,0,3,0.0001,0.0001,0.0
2026-08-01T06:27:52Z,54927360,0.3667,22,20,959,990032,8233,1168,0,0,0.0001,0.0001,0.0
2026-08-01T06:28:52Z,54980608,0.2333,14,12,959,990032,8235,1168,0,0,0.0001,0.0001,0.0
2026-08-01T06:29:52Z,54947840,0.2,12,8,959,990032,8239,1168,0,0,0.0001,0.0001,0.0001
2026-08-01T06:30:52Z,54095872,0.2167,13,10,959,990032,8242,1168,0,0,0.0001,0.0001,0.0001
2026-08-01T06:31:52Z,54853632,0.2333,14,12,959,990032,8244,1168,0,1,0.0001,0.0001,0.0001
2026-08-01T06:32:52Z,54853632,0.3,18,16,958,989600,8246,1168,0,0,0.0001,0.0001,0.0001
2026-08-01T06:33:52Z,54902784,0.4,24,20,958,989280,8250,1168,0,0,0.0001,0.0001,0.0001
2026-08-01T06:34:52Z,54882304,0.3333,20,16,958,989280,8254,1168,0,0,0.0001,0.0001,0.0001
2026-08-01T06:35:52Z,55148544,0.2167,13,10,958,989280,8257,1168,0,0,0.0001,0.0001,0.0
2026-08-01T06:36:52Z,55033856,0.25,15,12,958,989280,8260,1168,0,2,0.0001,0.0001,0.0001
2026-08-01T06:37:52Z,55066624,0.2,12,10,958,989280,8262,1168,0,2,0.00025,0.0001,0.0001
2026-08-01T06:38:52Z,55062528,0.3667,22,18,958,989280,8266,1168,0,2,0.00025,0.0001,0.0001
2026-08-01T06:39:52Z,55107584,0.3167,19,14,956,988416,8271,1168,0,1,0.00025,0.0001,0.0001
2026-08-01T06:40:52Z,55087104,0.45,27,14,956,988416,8284,1168,0,7,0.0001,0.0001,0.00025
2026-08-01T06:41:52Z,55033856,0.2,12,8,956,988416,8288,1168,0,7,0.0001,0.0001,0.0001
2026-08-01T06:42:52Z,54988800,0.2667,16,12,956,988416,8292,1168,0,7,0.0001,0.0001,0.0001
2026-08-01T06:43:52Z,55017472,0.2,12,10,956,988416,8294,1168,0,7,0.0001,0.0001,0.0001
2026-08-01T06:44:52Z,55013376,0.4667,28,20,958,991200,8300,1170,0,7,0.0001,0.0001,0.025
2026-08-01T06:45:52Z,55058432,0.2167,13,10,951,987216,8303,1170,0,0,0.00025,0.0001,0.0
2026-08-01T06:46:52Z,55054336,0.2333,14,12,951,987216,8305,1170,0,3,0.0001,0.0001,0.0
2026-08-01T06:47:52Z,55042048,0.2333,14,12,951,987216,8307,1170,0,3,0.0001,0.0001,0.0001
2026-08-01T06:48:52Z,55001088,0.2833,17,14,951,987216,8310,1170,0,3,0.0001,0.0001,0.0001
2026-08-01T06:49:52Z,55054336,0.6333,38,34,951,987216,8314,1170,0,3,0.0001,0.0001,0.0001
2026-08-01T06:50:52Z,55083008,0.1833,11,8,951,987216,8317,1170,0,3,0.0001,0.0001,0.0
2026-08-01T06:51:52Z,54984704,0.2,12,10,948,985920,8319,1170,0,0,0.0001,0.0,0.0001
2026-08-01T06:52:52Z,54968320,0.2333,14,12,948,985920,8321,1170,0,0,0.00025,0.0001,0.0
2026-08-01T06:53:52Z,54968320,0.2333,14,12,948,985920,8323,1170,0,0,0.0001,0.0001,0.0001
2026-08-01T06:54:52Z,55009280,0.2667,16,14,948,985920,8325,1170,0,0,0.0001,0.0001,0.0001
2026-08-01T06:55:52Z,55037952,0.4833,29,24,948,985600,8330,1170,0,0,0.0001,0.0001,0.0001
2026-08-01T06:56:52Z,54964224,0.4333,26,12,949,986032,8343,1171,0,1,0.0001,0.0001,0.005
2026-08-01T06:57:52Z,54964224,0.3333,20,14,948,985616,8349,1171,0,0,0.0001,0.0001,0.0001
2026-08-01T06:58:52Z,55017472,0.2,12,10,948,985616,8351,1171,0,0,0.0001,0.0001,0.0001
2026-08-01T06:59:52Z,54951936,0.2,12,10,948,985616,8353,1171,0,1,0.0001,0.0001,0.0001
2026-08-01T07:00:52Z,54910976,0.3833,23,20,948,985616,8356,1171,0,2,0.0001,0.0001,0.0
2026-08-01T07:01:52Z,54824960,0.2333,14,12,948,985616,8358,1171,0,2,0.0001,0.0,0.0001
2026-08-01T07:02:52Z,54824960,0.2667,16,14,948,985616,8360,1171,0,25,0.0001,0.0001,0.0
2026-08-01T07:03:52Z,54874112,0.2,12,10,923,974560,8362,1171,0,0,0.0001,0.0001,0.0
2026-08-01T07:04:52Z,54870016,0.4333,26,19,923,974560,8369,1171,0,0,0.0001,0.0001,0.00075
2026-08-01T07:05:52Z,54861824,0.25,15,10,923,974560,8374,1171,0,0,0.00025,0.0001,0.0001
2026-08-01T07:06:52Z,54886400,0.3833,23,20,923,974560,8377,1171,0,0,0.0001,0.0001,0.0
2026-08-01T07:07:52Z,54865920,0.2,12,10,923,974560,8379,1171,0,0,0.0001,0.0001,0.0001
2026-08-01T07:08:52Z,54820864,0.2333,14,12,923,974560,8381,1171,0,0,0.0001,0.0001,0.0
2026-08-01T07:09:52Z,54910976,0.2,12,10,923,974560,8383,1171,0,0,0.00025,0.0001,0.0001
2026-08-01T07:10:52Z,54894592,0.2833,17,12,923,974560,8388,1171,0,0,0.0001,0.0001,0.0001
2026-08-01T07:11:52Z,54841344,0.4833,29,24,923,974560,8393,1171,0,20,0.0001,0.0001,0.0001
2026-08-01T07:12:52Z,54829056,0.2667,16,14,923,974560,8395,1171,0,20,0.0001,0.0001,0.0
2026-08-01T07:13:52Z,54870016,0.2,12,10,923,974560,8397,1171,0,20,0.0001,0.0001,0.0001
2026-08-01T07:14:52Z,54820864,0.2333,14,12,923,974560,8399,1171,0,22,0.0001,0.0001,0.0
2026-08-01T07:15:52Z,54865920,0.2167,13,10,901,952512,8402,1171,0,0,0.0001,0.0001,0.0001
2026-08-01T07:16:52Z,54759424,0.3667,22,20,901,952512,8404,1171,0,0,0.0001,0.0001,0.0
2026-08-01T07:17:52Z,54800384,0.4,24,22,901,952512,8406,1171,0,0,0.0001,0.0001,0.0
2026-08-01T07:18:52Z,54796288,0.3333,20,12,901,954432,8414,1171,0,0,0.0001,0.0001,0.0001
2026-08-01T07:19:52Z,54784000,0.6,36,18,901,953792,8432,1171,0,0,0.0001,0.0001,0.0001
2026-08-01T07:20:52Z,54824960,0.2833,17,14,901,953792,8435,1171,0,0,0.0001,0.0001,0.0
2026-08-01T07:21:52Z,54779904,0.2,12,10,901,953792,8437,1171,0,0,0.0001,0.0001,0.0001
2026-08-01T07:22:52Z,54763520,0.3667,22,20,901,953792,8439,1171,0,0,0.0001,0.0001,0.0001
2026-08-01T07:23:52Z,54767616,0.2,12,10,901,953792,8441,1171,0,0,0.0001,0.0001,0.0
2026-08-01T07:24:52Z,54722560,0.2,12,10,901,953792,8443,1171,0,0,0.0001,0.0001,0.0
2026-08-01T07:25:52Z,54722560,0.35,21,16,902,956464,8447,1172,0,0,0.0001,0.0001,0.005
2026-08-01T07:26:52Z,54910976,0.2333,14,10,902,954544,8451,1172,0,0,0.0001,0.0001,0.0001
2026-08-01T07:27:52Z,54906880,0.2,12,10,902,954544,8453,1172,0,0,0.0001,0.0001,0.0
2026-08-01T07:28:52Z,54898688,0.4333,26,22,902,954544,8457,1172,0,0,0.0001,0.0001,0.0001
2026-08-01T07:29:52Z,54857728,0.2,12,8,902,954544,8461,1172,0,0,0.0001,0.0001,0.0001
2026-08-01T07:30:52Z,54845440,0.2667,16,10,902,954544,8467,1172,0,0,0.0001,0.0001,0.0001
2026-08-01T07:31:52Z,54882304,0.2333,14,12,902,954544,8469,1172,0,0,0.0001,0.0001,0.0001
2026-08-01T07:32:52Z,54878208,0.2333,14,12,902,954544,8471,1172,0,0,0.0001,0.0001,0.0001
2026-08-01T07:33:52Z,54935552,0.3667,22,18,902,954224,8475,1172,0,1,0.0001,0.0001,0.0001
2026-08-01T07:34:52Z,55197696,0.4,24,18,902,954224,8481,1172,0,1,0.0001,0.0001,0.0001
2026-08-01T07:35:52Z,55144448,0.25,15,12,902,954224,8484,1172,0,1,0.0001,0.0001,0.0
2026-08-01T07:36:52Z,55156736,0.2,12,10,902,954224,8486,1172,0,1,0.00025,0.0001,0.0
2026-08-01T07:37:52Z,55123968,0.2333,14,12,902,954224,8488,1172,0,1,0.0001,0.0001,0.0
2026-08-01T07:38:52Z,55128064,0.2,12,10,902,954224,8490,1172,0,1,0.00025,0.0001,0.0001
2026-08-01T07:39:52Z,55066624,0.3667,22,20,901,951552,8492,1172,0,0,0.00025,0.0001,0.0001
2026-08-01T07:40:52Z,55160832,0.35,21,14,901,951552,8499,1172,0,1,0.0001,0.0001,0.0001
2026-08-01T07:41:52Z,55103488,0.2,12,10,901,951552,8501,1172,0,1,0.0001,0.0001,0.0001
2026-08-01T07:42:52Z,55091200,0.3,18,14,901,951552,8505,1172,0,1,0.0001,0.0001,0.0001
2026-08-01T07:43:52Z,55087104,0.2,12,10,901,951552,8507,1172,0,1,0.0001,0.0001,0.0001
2026-08-01T07:44:52Z,55046144,0.3667,22,20,901,951552,8509,1172,0,1,0.0001,0.0001,0.0001
2026-08-01T07:45:52Z,55099392,0.25,15,12,900,951120,8512,1172,0,0,0.00025,0.0001,0.0001
2026-08-01T07:46:52Z,55074816,0.2,12,10,900,951120,8514,1172,0,0,0.0001,0.0001,0.0
2026-08-01T07:47:52Z,55070720,0.2667,16,14,900,951120,8516,1172,0,0,0.0001,0.0001,0.0
2026-08-01T07:48:52Z,55050240,0.1667,10,8,900,951120,8518,1172,0,0,0.0001,0.0001,0.0
2026-08-01T07:49:52Z,55009280,0.4,24,20,900,951120,8522,1172,0,0,0.0001,0.0001,0.0001
2026-08-01T07:50:52Z,55050240,0.3833,23,20,900,951120,8525,1172,0,0,0.0001,0.0001,0.0001
2026-08-01T07:51:52Z,54935552,0.2333,14,12,900,951120,8527,1172,0,0,0.0001,0.0001,0.0001
2026-08-01T07:52:52Z,55021568,0.2,12,10,900,951120,8529,1172,0,1,0.0001,0.0001,0.0
2026-08-01T07:53:52Z,54956032,0.2,12,10,900,951120,8531,1172,0,1,0.0001,0.0001,0.0001
2026-08-01T07:54:52Z,54960128,0.2167,13,10,900,951120,8534,1172,0,1,0.0001,0.0001,0.0001
2026-08-01T07:55:52Z,54960128,0.3167,19,16,900,951120,8537,1172,0,1,0.0001,0.0001,0.0
2026-08-01T07:56:52Z,54988800,0.2667,16,14,900,951120,8539,1172,0,1,0.0001,0.0001,0.0001
2026-08-01T07:57:52Z,54968320,0.2,12,10,899,950336,8541,1172,0,0,0.0001,0.0001,0.0001
2026-08-01T07:58:52Z,54972416,0.2667,16,10,899,950336,8547,1172,0,0,0.0001,0.0001,0.0001
2026-08-01T07:59:52Z,55005184,0.2,12,10,899,950336,8549,1172,0,0,0.0001,0.0001,0.0
2026-08-01T08:00:52Z,55001088,0.45,27,14,899,950336,8562,1172,0,0,0.0001,0.0001,0.0001
2026-08-01T08:01:52Z,55062528,0.3,18,16,899,950336,8564,1172,0,0,0.0001,0.0001,0.0001
2026-08-01T08:02:52Z,55062528,0.2667,16,14,899,950336,8566,1172,0,0,0.0001,0.0001,0.0
2026-08-01T08:03:52Z,55103488,0.2,12,10,899,950336,8568,1172,0,0,0.0001,0.0001,0.0001
2026-08-01T08:04:52Z,52551680,0.4,24,20,899,950336,8572,1172,0,0,0.0001,0.0001,0.0001
2026-08-01T08:05:52Z,52473856,0.25,15,10,899,950336,8577,1172,0,0,0.0001,0.0001,0.0001
2026-08-01T08:06:52Z,52273152,0.3833,23,20,899,950336,8580,1172,0,0,0.0001,0.0001,0.0
2026-08-01T08:07:52Z,52281344,0.2667,16,12,899,950336,8584,1172,0,0,0.0001,0.0001,0.0001
2026-08-01T08:08:52Z,52301824,0.2333,14,10,899,950336,8588,1172,0,0,0.0001,0.0001,0.0001
2026-08-01T08:09:52Z,52297728,0.2,12,10,899,950336,8590,1172,0,0,0.0001,0.0001,0.0
2026-08-01T08:10:52Z,52248576,0.2167,13,10,899,950336,8593,1172,0,0,0.0001,0.0001,0.0001
2026-08-01T08:11:52Z,52260864,0.4333,26,12,901,954720,8605,1174,0,0,0.0001,0.0,0.025
2026-08-01T08:12:52Z,52260864,0.3667,22,20,901,954720,8607,1174,0,0,0.0001,0.0001,0.0
2026-08-01T08:13:52Z,52252672,0.2,12,10,901,954720,8609,1174,0,0,0.0001,0.0001,0.0
2026-08-01T08:14:52Z,52244480,0.2667,16,12,901,955680,8613,1174,0,0,0.0001,0.0001,0.0001
2026-08-01T08:15:52Z,52281344,0.25,15,10,901,955680,8618,1174,0,0,0.0001,0.0001,0.0001
2026-08-01T08:16:52Z,52187136,0.1667,10,8,901,955680,8620,1174,0,0,0.0001,0.0001,0.0
2026-08-01T08:17:52Z,52236288,0.3667,22,20,901,955680,8622,1174,0,0,0.0001,0.0001,0.0
2026-08-01T08:18:52Z,52187136,0.7333,44,30,903,956544,8634,1176,0,0,0.0001,0.0001,0.005
2026-08-01T08:19:52Z,52187136,2.8667,172,68,928,994352,8713,1201,0,0,0.0001,0.0001,0.1
2026-08-01T08:20:52Z,52236288,0.4833,29,24,928,994352,8718,1201,0,0,0.00025,0.0001,0.0001
2026-08-01T08:21:52Z,52219904,0.75,45,38,928,994352,8725,1201,0,0,0.0001,0.0001,0.0001
2026-08-01T08:22:52Z,52219904,0.5667,34,28,930,995216,8729,1203,0,0,0.0001,0.00025,0.005
2026-08-01T08:23:52Z,52219904,0.6667,40,28,930,995216,8741,1203,0,0,0.0001,0.0001,0.0001
2026-08-01T08:24:52Z,52264960,0.6333,38,27,930,995216,8752,1203,0,0,0.0001,0.0001,0.0001
2026-08-01T08:25:52Z,52252672,0.4167,25,18,930,995216,8759,1203,0,0,0.0001,0.0001,0.0001
2026-08-01T08:26:52Z,52252672,0.5667,34,28,930,995216,8765,1203,0,0,0.0001,0.0001,0.0001
2026-08-01T08:27:52Z,52252672,0.9667,58,34,939,1002592,8780,1212,0,0,0.0001,0.0001,0.01
2026-08-01T08:28:52Z,52248576,0.6,36,32,939,1002592,8784,1212,0,0,0.0001,0.0001,0.0
2026-08-01T08:29:52Z,52248576,0.5167,31,26,939,1002592,8789,1212,0,0,0.0001,0.0001,0.0001
2026-08-01T08:30:52Z,52244480,1.2167,73,40,957,1019456,8804,1230,0,0,0.0001,0.0001,0.01
2026-08-01T08:31:52Z,52236288,0.65,39,30,959,1020288,8811,1232,0,0,0.0001,0.0001,0.005
2026-08-01T08:32:52Z,52273152,0.5667,34,26,959,1020288,8819,1232,0,0,0.0001,0.0001,0.00025
2026-08-01T08:33:52Z,52322304,0.4,24,14,959,1020288,8829,1232,0,0,0.0001,0.0001,0.0005
2026-08-01T08:34:52Z,52375552,0.65,39,30,959,1020288,8838,1232,0,1,0.0001,0.0001,0.0001
2026-08-01T08:35:52Z,52318208,0.2167,13,10,959,1020288,8841,1232,0,1,0.0001,0.0001,0.0001
2026-08-01T08:36:52Z,52269056,0.2333,14,10,959,1020288,8845,1232,0,1,0.0001,0.0001,0.0001
2026-08-01T08:37:52Z,52260864,0.3333,20,18,959,1020288,8847,1232,0,1,0.0001,0.0001,0.0
2026-08-01T08:38:52Z,52297728,0.2,12,8,959,1020288,8851,1232,0,1,0.0001,0.0001,0.0
2026-08-01T08:39:52Z,52297728,1.6833,101,47,960,1020752,8903,1234,0,0,0.0001,0.0001,0.005
2026-08-01T08:40:52Z,52297728,1.2,72,44,960,1022032,8931,1234,0,0,0.00025,0.0001,0.0001
2026-08-01T08:41:52Z,52297728,0.7667,46,42,960,1022032,8935,1234,0,0,0.00025,0.0001,0.0001
2026-08-01T08:42:52Z,52301824,1.1,66,44,960,1021712,8957,1234,0,0,0.0001,0.00025,0.0001
2026-08-01T08:43:52Z,52301824,1.3833,83,40,966,1026864,8994,1240,0,0,0.0001,0.0001,0.01
2026-08-01T08:44:52Z,52301824,0.8,48,40,966,1026864,9002,1240,0,0,0.0001,0.0001,0.0001
2026-08-01T08:45:52Z,52301824,1.7,102,62,966,1026864,9042,1240,0,0,0.0001,0.0001,0.0001
2026-08-01T08:46:52Z,52838400,0.8,48,40,966,1026864,9050,1240,0,0,0.00025,0.0001,0.0
2026-08-01T08:47:52Z,52838400,0.8,48,46,966,1026864,9052,1240,0,0,0.00025,0.0001,0.0001
2026-08-01T08:48:52Z,52838400,0.7333,44,38,966,1026864,9058,1240,0,0,0.0001,0.0001,0.0001
2026-08-01T08:49:52Z,52838400,1.1333,68,48,966,1026864,9078,1240,0,0,0.0001,0.0001,0.0001
2026-08-01T08:50:52Z,52838400,0.8833,53,50,966,1026864,9081,1240,0,0,0.00025,0.0001,0.0001
2026-08-01T08:51:52Z,52838400,0.7667,46,36,966,1026864,9091,1240,0,0,0.00025,0.0,0.0001
2026-08-01T08:52:52Z,52838400,0.7333,44,42,966,1026864,9093,1240,0,0,0.0001,0.0001,0.0001
2026-08-01T08:53:52Z,52838400,0.9667,58,52,966,1026864,9099,1240,0,0,0.00025,0.0001,0.0001
2026-08-01T08:54:52Z,52838400,1.0167,61,42,966,1028144,9118,1240,0,0,0.0001,0.0001,0.0001
2026-08-01T08:55:52Z,52838400,0.9833,59,42,966,1028144,9135,1240,0,0,0.0001,0.0001,0.0001
2026-08-01T08:56:52Z,52801536,0.8,48,44,966,1028144,9139,1240,0,0,0.0001,0.0001,0.0001
2026-08-01T08:57:52Z,52801536,0.7333,44,40,966,1028144,9143,1240,0,0,0.0001,0.0001,0.0
2026-08-01T08:58:52Z,52801536,0.7,42,38,966,1028144,9147,1240,0,0,0.0001,0.0001,0.0001
2026-08-01T08:59:52Z,52801536,0.9333,56,46,966,1028144,9157,1240,0,0,0.00025,0.00025,0.0001
2026-08-01T09:00:52Z,52846592,0.75,45,42,966,1028144,9160,1240,0,0,0.0001,0.0001,0.0001
2026-08-01T09:01:52Z,52912128,0.8333,50,46,966,1028144,9164,1240,0,0,0.0001,0.0001,0.0001
2026-08-01T09:02:52Z,52912128,0.9,54,46,966,1028144,9172,1240,0,0,0.0001,0.0001,0.0001
2026-08-01T09:03:52Z,52924416,0.7333,44,38,966,1028144,9178,1240,0,0,0.0001,0.0001,0.0001
2026-08-01T09:04:52Z,52912128,1.05,63,52,966,1028144,9189,1240,0,1,0.00025,0.0001,0.0001
2026-08-01T09:05:52Z,52912128,0.6833,41,36,966,1028144,9194,1240,0,1,0.00025,0.0001,0.0001
2026-08-01T09:06:52Z,53010432,0.9167,55,49,966,1028144,9200,1240,0,5,0.00025,0.0001,0.0001
2026-08-01T09:07:52Z,53010432,1.0833,65,60,966,1028144,9205,1240,0,5,0.0001,0.0001,0.0
2026-08-01T09:08:52Z,53010432,0.9333,56,54,966,1028144,9207,1240,0,5,0.0001,0.0001,0.0
2026-08-01T09:09:52Z,53010432,1.2333,74,60,961,1022800,9221,1240,0,0,0.00025,0.0001,0.0001
2026-08-01T09:10:52Z,53010432,0.95,57,54,961,1022800,9224,1240,0,0,0.0001,0.0001,0.0
2026-08-01T09:11:52Z,52973568,0.95,57,52,961,1022800,9229,1240,0,0,0.00025,0.0001,0.0001
2026-08-01T09:12:52Z,52973568,1.1667,70,66,961,1022800,9233,1240,0,0,0.0001,0.0001,0.0001
2026-08-01T09:13:52Z,52973568,0.9167,55,50,961,1022800,9238,1240,0,2,0.00025,0.0001,0.0001
2026-08-01T09:14:52Z,52908032,0.9167,55,48,961,1023760,9245,1240,0,2,0.0001,0.0001,0.0001
2026-08-01T09:15:52Z,52908032,0.9333,56,43,959,1020640,9258,1240,0,0,0.0001,0.0001,0.0001
2026-08-01T09:16:52Z,52867072,0.8,48,46,959,1020640,9260,1240,0,1,0.0001,0.0001,0.0001
