35    09:00:39.689200 mmap(NULL, 4096, PROT_READ|PROT_WRITE, MAP_PRIVATE|MAP_ANONYMOUS, -1, 0) = 0x7fcce23c3000
35    09:00:39.692995 munmap(0x7fcce23c3000, 4096) = 0
35    09:00:39.695475 mmap(NULL, 4096, PROT_READ|PROT_WRITE, MAP_PRIVATE|MAP_ANONYMOUS, -1, 0) = 0x7fcce23c3000
35    09:00:39.699925 munmap(0x7fcce23c3000, 4096) = 0
7     09:01:09.660936 mmap(NULL, 4096, PROT_READ|PROT_WRITE, MAP_PRIVATE|MAP_ANONYMOUS, -1, 0) = 0x7fcce23c3000
7     09:01:09.661905 munmap(0x7fcce23c3000, 4096) = 0
7     09:01:09.663061 mmap(NULL, 4096, PROT_READ|PROT_WRITE, MAP_PRIVATE|MAP_ANONYMOUS, -1, 0) = 0x7fcce23c3000
7     09:01:09.663942 munmap(0x7fcce23c3000, 4096) = 0
7     09:01:09.666559 madvise(0x52b4b030000, 65536, MADV_DONTNEED) = 0
7     09:01:09.667250 madvise(0x52b4b060000, 131072, MADV_DONTNEED) = 0
7     09:01:09.667742 madvise(0x52b4b4d0000, 65536, MADV_DONTNEED) = 0
7     09:01:09.668203 madvise(0x52b4b5a0000, 65536, MADV_DONTNEED) = 0
7     09:01:09.668695 madvise(0x52b4b640000, 65536, MADV_DONTNEED) = 0
7     09:01:09.669117 madvise(0x52b4b6e0000, 65536, MADV_DONTNEED) = 0
7     09:01:09.669619 madvise(0x52b4eda0000, 327680, MADV_DONTNEED) = 0
7     09:01:09.670077 madvise(0x52b4efd0000, 65536, MADV_DONTNEED) = 0
7     09:01:09.670733 madvise(0x52b4f100000, 65536, MADV_DONTNEED) = 0
7     09:01:09.671275 madvise(0x52b4f110000, 65536, MADV_DONTNEED) = 0
7     09:01:09.671731 madvise(0x52b4f120000, 65536, MADV_DONTNEED) = 0
7     09:01:09.672337 madvise(0x52b4f130000, 65536, MADV_DONTNEED) = 0
7     09:01:09.673023 madvise(0x52b4f140000, 65536, MADV_DONTNEED) = 0
7     09:01:09.673543 madvise(0x52b4f150000, 65536, MADV_DONTNEED) = 0
7     09:01:09.674521 madvise(0x52b4f160000, 65536, MADV_DONTNEED) = 0
7     09:01:09.675106 madvise(0x52b4f170000, 65536, MADV_DONTNEED) = 0
7     09:01:09.675629 madvise(0x52b4f180000, 65536, MADV_DONTNEED) = 0
7     09:01:09.676177 madvise(0x52b4f190000, 65536, MADV_DONTNEED) = 0
7     09:01:09.676607 madvise(0x52b4f1a0000, 65536, MADV_DONTNEED) = 0
7     09:01:09.677051 madvise(0x52b4f1b0000, 65536, MADV_DONTNEED) = 0
7     09:01:09.677505 madvise(0x52b4f1c0000, 65536, MADV_DONTNEED) = 0
7     09:01:09.677884 madvise(0x52b4f1d0000, 65536, MADV_DONTNEED) = 0
7     09:01:09.678445 madvise(0x52b4f1e0000, 65536, MADV_DONTNEED) = 0
7     09:01:09.678890 madvise(0x52b4f1f0000, 65536, MADV_DONTNEED) = 0
7     09:01:09.679453 madvise(0x52b4f770000, 65536, MADV_DONTNEED) = 0
7     09:01:09.680040 madvise(0x52b4f900000, 524288, MADV_DONTNEED) = 0
7     09:01:09.680479 madvise(0x52b4f9d0000, 65536, MADV_DONTNEED) = 0
7     09:01:09.680924 madvise(0x52b4fa50000, 65536, MADV_DONTNEED) = 0
7     09:01:09.681404 madvise(0x52b4fb00000, 524288, MADV_DONTNEED) = 0
7     09:01:09.681842 madvise(0x52b503c0000, 131072, MADV_DONTNEED) = 0
7     09:01:09.682526 madvise(0x52b50440000, 65536, MADV_DONTNEED) = 0
7     09:01:09.682997 madvise(0x52b51260000, 1703936, MADV_DONTNEED) = 0
7     09:01:09.683457 madvise(0x52b51400000, 4194304, MADV_DONTNEED) = 0
7     09:01:09.683926 madvise(0x52b51800000, 2490368, MADV_DONTNEED) = 0
7     09:01:09.684432 madvise(0x52b51f30000, 851968, MADV_DONTNEED) = 0
7     09:01:09.684857 madvise(0x52b52000000, 3342336, MADV_DONTNEED) = 0
7     09:01:09.685445 madvise(0x52b54880000, 393216, MADV_DONTNEED) = 0
7     09:01:09.685922 madvise(0x52b548f0000, 262144, MADV_DONTNEED) = 0
7     09:01:09.686344 madvise(0x52b54a20000, 65536, MADV_DONTNEED) = 0
7     09:01:09.686837 madvise(0x52b54b00000, 524288, MADV_DONTNEED) = 0
7     09:01:09.687287 madvise(0x52b54c00000, 524288, MADV_DONTNEED) = 0
7     09:01:09.687716 madvise(0x52b54f50000, 65536, MADV_DONTNEED) = 0
39    09:01:39.676035 mmap(NULL, 4096, PROT_READ|PROT_WRITE, MAP_PRIVATE|MAP_ANONYMOUS, -1, 0) = 0x7fcce23c3000
39    09:01:39.677672 munmap(0x7fcce23c3000, 4096) = 0
28    09:02:09.677174 mmap(NULL, 4096, PROT_READ|PROT_WRITE, MAP_PRIVATE|MAP_ANONYMOUS, -1, 0) = 0x7fcce23c3000
28    09:02:09.684618 munmap(0x7fcce23c3000, 4096) = 0
28    09:02:39.663805 mmap(NULL, 4096, PROT_READ|PROT_WRITE, MAP_PRIVATE|MAP_ANONYMOUS, -1, 0) = 0x7fcce23c3000
28    09:02:39.665131 munmap(0x7fcce23c3000, 4096) = 0
28    09:03:09.674091 mmap(NULL, 4096, PROT_READ|PROT_WRITE, MAP_PRIVATE|MAP_ANONYMOUS, -1, 0) = 0x7fcce23c3000
28    09:03:09.676386 munmap(0x7fcce23c3000, 4096) = 0
28    09:03:28.706206 mmap(NULL, 2109440, PROT_NONE, MAP_PRIVATE|MAP_ANONYMOUS, -1, 0) = 0x7fcce21b8000
28    09:03:28.708147 mprotect(0x7fcce21ba000, 2101248, PROT_READ|PROT_WRITE) = 0
7     09:03:28.710004 mmap(NULL, 2109440, PROT_NONE, MAP_PRIVATE|MAP_ANONYMOUS, -1, 0 <unfinished ...>
1067  09:03:28.710601 mmap(NULL, 12288, PROT_READ|PROT_WRITE, MAP_PRIVATE|MAP_ANONYMOUS|MAP_STACK, -1, 0 <unfinished ...>
7     09:03:28.711060 <... mmap resumed>) = 0x7fcce1fb5000
1067  09:03:28.711424 <... mmap resumed>) = 0x7fcce23c1000
7     09:03:28.711885 mprotect(0x7fcce1fb7000, 2101248, PROT_READ|PROT_WRITE <unfinished ...>
1067  09:03:28.712449 mprotect(0x7fcce23c1000, 4096, PROT_NONE <unfinished ...>
7     09:03:28.712878 <... mprotect resumed>) = 0
1067  09:03:28.713222 <... mprotect resumed>) = 0
1068  09:03:28.714061 mmap(NULL, 12288, PROT_READ|PROT_WRITE, MAP_PRIVATE|MAP_ANONYMOUS|MAP_STACK, -1, 0) = 0x7fcce1fb2000
1068  09:03:28.716467 mprotect(0x7fcce1fb2000, 4096, PROT_NONE) = 0
1068  09:03:38.737668 munmap(0x7fcce3810000, 2109440) = 0
1068  09:03:38.740021 munmap(0x7fcce1fb2000, 12288) = 0
1068  09:03:38.741567 madvise(0x52b4ed70000, 65536, MADV_DONTNEED) = 0
1068  09:03:38.742852 +++ exited with 0 +++
1067  09:03:38.762563 munmap(0x7fcce1fb5000, 2109440) = 0
1067  09:03:38.763587 munmap(0x7fcce23c1000, 12288) = 0
1067  09:03:38.764364 +++ exited with 0 +++
28    09:03:39.680220 mmap(NULL, 4096, PROT_READ|PROT_WRITE, MAP_PRIVATE|MAP_ANONYMOUS, -1, 0) = 0x7fcce3a12000
28    09:03:39.681472 munmap(0x7fcce3a12000, 4096) = 0
28    09:04:09.674977 mmap(NULL, 4096, PROT_READ|PROT_WRITE, MAP_PRIVATE|MAP_ANONYMOUS, -1, 0) = 0x7fcce3a12000
28    09:04:09.676254 munmap(0x7fcce3a12000, 4096) = 0
28    09:04:28.700736 mmap(NULL, 2109440, PROT_NONE, MAP_PRIVATE|MAP_ANONYMOUS, -1, 0) = 0x7fcce3810000
28    09:04:28.702878 mprotect(0x7fcce3812000, 2101248, PROT_READ|PROT_WRITE) = 0
39    09:04:28.705245 mmap(NULL, 2109440, PROT_NONE, MAP_PRIVATE|MAP_ANONYMOUS, -1, 0) = 0x7fcce1fb5000
39    09:04:28.711054 mprotect(0x7fcce1fb7000, 2101248, PROT_READ|PROT_WRITE) = 0
1322  09:04:28.714955 mmap(NULL, 12288, PROT_READ|PROT_WRITE, MAP_PRIVATE|MAP_ANONYMOUS|MAP_STACK, -1, 0) = 0x7fcce23c1000
1322  09:04:28.717072 mprotect(0x7fcce23c1000, 4096, PROT_NONE) = 0
1323  09:04:28.718407 mmap(NULL, 12288, PROT_READ|PROT_WRITE, MAP_PRIVATE|MAP_ANONYMOUS|MAP_STACK, -1, 0) = 0x7fcce1fb2000
1323  09:04:28.719567 mprotect(0x7fcce1fb2000, 4096, PROT_NONE) = 0
1323  09:04:38.725648 munmap(0x7fcce21b8000, 2109440) = 0
1323  09:04:38.727693 munmap(0x7fcce1fb2000, 12288) = 0
1323  09:04:38.729008 madvise(0x52b54890000, 65536, MADV_DONTNEED) = 0
1323  09:04:38.730723 +++ exited with 0 +++
1322  09:04:38.731483 munmap(0x7fcce1fb5000, 2109440) = 0
1322  09:04:38.733221 munmap(0x7fcce23c1000, 12288) = 0
1322  09:04:38.734885 +++ exited with 0 +++
39    09:04:39.675739 mmap(NULL, 4096, PROT_READ|PROT_WRITE, MAP_PRIVATE|MAP_ANONYMOUS, -1, 0) = 0x7fcce23c3000
39    09:04:39.676862 munmap(0x7fcce23c3000, 4096) = 0
28    09:05:09.665111 mmap(NULL, 4096, PROT_READ|PROT_WRITE, MAP_PRIVATE|MAP_ANONYMOUS, -1, 0) = 0x7fcce23c3000
28    09:05:09.666825 munmap(0x7fcce23c3000, 4096) = 0
28    09:05:39.689641 mmap(NULL, 4096, PROT_READ|PROT_WRITE, MAP_PRIVATE|MAP_ANONYMOUS, -1, 0) = 0x7fcce23c3000
28    09:05:39.690680 munmap(0x7fcce23c3000, 4096) = 0
28    09:06:09.692569 mmap(NULL, 4096, PROT_READ|PROT_WRITE, MAP_PRIVATE|MAP_ANONYMOUS, -1, 0) = 0x7fcce23c3000
28    09:06:09.694042 munmap(0x7fcce23c3000, 4096) = 0
28    09:06:39.689804 mmap(NULL, 4096, PROT_READ|PROT_WRITE, MAP_PRIVATE|MAP_ANONYMOUS, -1, 0) = 0x7fcce23c3000
28    09:06:39.690773 munmap(0x7fcce23c3000, 4096) = 0
28    09:07:09.668611 mmap(NULL, 4096, PROT_READ|PROT_WRITE, MAP_PRIVATE|MAP_ANONYMOUS, -1, 0) = 0x7fcce23c3000
28    09:07:09.669672 munmap(0x7fcce23c3000, 4096) = 0
28    09:07:39.690007 mmap(NULL, 4096, PROT_READ|PROT_WRITE, MAP_PRIVATE|MAP_ANONYMOUS, -1, 0) = 0x7fcce23c3000
28    09:07:39.691827 munmap(0x7fcce23c3000, 4096) = 0
28    09:08:09.666892 mmap(NULL, 4096, PROT_READ|PROT_WRITE, MAP_PRIVATE|MAP_ANONYMOUS, -1, 0) = 0x7fcce23c3000
28    09:08:09.668299 munmap(0x7fcce23c3000, 4096) = 0
35    09:08:28.674961 mmap(NULL, 2109440, PROT_NONE, MAP_PRIVATE|MAP_ANONYMOUS, -1, 0) = 0x7fcce21b8000
35    09:08:28.677189 mprotect(0x7fcce21ba000, 2101248, PROT_READ|PROT_WRITE) = 0
2328  09:08:28.678777 mmap(NULL, 12288, PROT_READ|PROT_WRITE, MAP_PRIVATE|MAP_ANONYMOUS|MAP_STACK, -1, 0) = 0x7fcce23c1000
2328  09:08:28.679606 mprotect(0x7fcce23c1000, 4096, PROT_NONE) = 0
2328  09:08:38.699800 munmap(0x7fcce3810000, 2109440) = 0
2328  09:08:38.701556 munmap(0x7fcce23c1000, 12288) = 0
2328  09:08:38.702860 madvise(0x52b4ed70000, 327680, MADV_DONTNEED) = 0
2328  09:08:38.703776 madvise(0x52b54890000, 65536, MADV_DONTNEED) = 0
2328  09:08:38.704524 +++ exited with 0 +++
39    09:08:39.690161 mmap(NULL, 4096, PROT_READ|PROT_WRITE, MAP_PRIVATE|MAP_ANONYMOUS, -1, 0) = 0x7fcce3a12000
39    09:08:39.692100 munmap(0x7fcce3a12000, 4096) = 0
35    09:09:09.668812 mmap(NULL, 4096, PROT_READ|PROT_WRITE, MAP_PRIVATE|MAP_ANONYMOUS, -1, 0) = 0x7fcce3a12000
35    09:09:09.670284 munmap(0x7fcce3a12000, 4096) = 0
35    09:09:39.669373 mmap(NULL, 4096, PROT_READ|PROT_WRITE, MAP_PRIVATE|MAP_ANONYMOUS, -1, 0) = 0x7fcce3a12000
35    09:09:39.672438 munmap(0x7fcce3a12000, 4096) = 0
28    09:10:09.689791 mmap(NULL, 4096, PROT_READ|PROT_WRITE, MAP_PRIVATE|MAP_ANONYMOUS, -1, 0) = 0x7fcce3a12000
28    09:10:09.695580 munmap(0x7fcce3a12000, 4096) = 0
28    09:10:28.668482 mmap(NULL, 2109440, PROT_NONE, MAP_PRIVATE|MAP_ANONYMOUS, -1, 0) = 0x7fcce3810000
28    09:10:28.670324 mprotect(0x7fcce3812000, 2101248, PROT_READ|PROT_WRITE) = 0
39    09:10:28.672401 mmap(NULL, 2109440, PROT_NONE, MAP_PRIVATE|MAP_ANONYMOUS, -1, 0) = 0x7fcce1fb5000
39    09:10:28.673601 mprotect(0x7fcce1fb7000, 2101248, PROT_READ|PROT_WRITE <unfinished ...>
2828  09:10:28.673972 mmap(NULL, 12288, PROT_READ|PROT_WRITE, MAP_PRIVATE|MAP_ANONYMOUS|MAP_STACK, -1, 0 <unfinished ...>
39    09:10:28.674707 <... mprotect resumed>) = 0
2828  09:10:28.675276 <... mmap resumed>) = 0x7fcce23c1000
2828  09:10:28.675698 mprotect(0x7fcce23c1000, 4096, PROT_NONE) = 0
2829  09:10:28.677023 mmap(NULL, 12288, PROT_READ|PROT_WRITE, MAP_PRIVATE|MAP_ANONYMOUS|MAP_STACK, -1, 0) = 0x7fcce1fb2000
2829  09:10:28.677705 mprotect(0x7fcce1fb2000, 4096, PROT_NONE) = 0
2829  09:10:38.682860 munmap(0x7fcce21b8000, 2109440) = 0
2829  09:10:38.684629 munmap(0x7fcce1fb2000, 12288) = 0
2829  09:10:38.686495 +++ exited with 0 +++
2828  09:10:38.687371 munmap(0x7fcce1fb5000, 2109440) = 0
2828  09:10:38.688757 munmap(0x7fcce23c1000, 12288) = 0
2828  09:10:38.689579 +++ exited with 0 +++
39    09:10:39.690569 mmap(NULL, 4096, PROT_READ|PROT_WRITE, MAP_PRIVATE|MAP_ANONYMOUS, -1, 0) = 0x7fcce23c3000
39    09:10:39.692377 munmap(0x7fcce23c3000, 4096) = 0
39    09:11:07.085143 madvise(0x52b4ed80000, 65536, MADV_DONTNEED) = 0
39    09:11:07.086515 madvise(0x52b4fe00000, 2097152, MADV_DONTNEED) = 0
39    09:11:07.087432 madvise(0x52b50000000, 2097152, MADV_DONTNEED) = 0
39    09:11:07.088479 madvise(0x52b54890000, 327680, MADV_DONTNEED) = 0
39    09:11:07.089378 madvise(0x52b548f0000, 65536, MADV_DONTNEED) = 0
39    09:11:09.687689 mmap(NULL, 4096, PROT_READ|PROT_WRITE, MAP_PRIVATE|MAP_ANONYMOUS, -1, 0) = 0x7fcce23c3000
39    09:11:09.688404 munmap(0x7fcce23c3000, 4096) = 0
39    09:11:39.689783 mmap(NULL, 4096, PROT_READ|PROT_WRITE, MAP_PRIVATE|MAP_ANONYMOUS, -1, 0) = 0x7fcce23c3000
39    09:11:39.691594 munmap(0x7fcce23c3000, 4096) = 0
39    09:12:09.670105 mmap(NULL, 4096, PROT_READ|PROT_WRITE, MAP_PRIVATE|MAP_ANONYMOUS, -1, 0) = 0x7fcce23c3000
39    09:12:09.671526 munmap(0x7fcce23c3000, 4096) = 0
39    09:12:39.689864 mmap(NULL, 4096, PROT_READ|PROT_WRITE, MAP_PRIVATE|MAP_ANONYMOUS, -1, 0) = 0x7fcce23c3000
39    09:12:39.691128 munmap(0x7fcce23c3000, 4096) = 0
35    09:13:09.689898 mmap(NULL, 4096, PROT_READ|PROT_WRITE, MAP_PRIVATE|MAP_ANONYMOUS, -1, 0) = 0x7fcce23c3000
35    09:13:09.692929 munmap(0x7fcce23c3000, 4096) = 0
7     09:13:28.660150 mmap(NULL, 2109440, PROT_NONE, MAP_PRIVATE|MAP_ANONYMOUS, -1, 0) = 0x7fcce21b8000
7     09:13:28.663081 mprotect(0x7fcce21ba000, 2101248, PROT_READ|PROT_WRITE) = 0
3582  09:13:28.668610 mmap(NULL, 12288, PROT_READ|PROT_WRITE, MAP_PRIVATE|MAP_ANONYMOUS|MAP_STACK, -1, 0) = 0x7fcce23c1000
3582  09:13:28.670099 mprotect(0x7fcce23c1000, 4096, PROT_NONE) = 0
3582  09:13:38.705823 munmap(0x7fcce3810000, 2109440) = 0
3582  09:13:38.708257 munmap(0x7fcce23c1000, 12288) = 0
3582  09:13:38.708966 madvise(0x52b4b730000, 65536, MADV_DONTNEED) = 0
3582  09:13:38.710358 madvise(0x52b4eda0000, 65536, MADV_DONTNEED) = 0
3582  09:13:38.712183 +++ exited with 0 +++
39    09:13:39.684059 mmap(NULL, 4096, PROT_READ|PROT_WRITE, MAP_PRIVATE|MAP_ANONYMOUS, -1, 0) = 0x7fcce3a12000
39    09:13:39.684889 munmap(0x7fcce3a12000, 4096) = 0
7     09:14:09.672985 mmap(NULL, 4096, PROT_READ|PROT_WRITE, MAP_PRIVATE|MAP_ANONYMOUS, -1, 0) = 0x7fcce3a12000
7     09:14:09.674524 munmap(0x7fcce3a12000, 4096) = 0
39    09:14:39.695818 mmap(NULL, 4096, PROT_READ|PROT_WRITE, MAP_PRIVATE|MAP_ANONYMOUS, -1, 0) = 0x7fcce3a12000
39    09:14:39.697222 munmap(0x7fcce3a12000, 4096) = 0
39    09:15:09.675768 mmap(NULL, 4096, PROT_READ|PROT_WRITE, MAP_PRIVATE|MAP_ANONYMOUS, -1, 0) = 0x7fcce3a12000
39    09:15:09.677974 munmap(0x7fcce3a12000, 4096) = 0
7     09:15:39.678180 mmap(NULL, 4096, PROT_READ|PROT_WRITE, MAP_PRIVATE|MAP_ANONYMOUS, -1, 0) = 0x7fcce3a12000
7     09:15:39.683019 munmap(0x7fcce3a12000, 4096) = 0
39    09:16:09.692228 mmap(NULL, 4096, PROT_READ|PROT_WRITE, MAP_PRIVATE|MAP_ANONYMOUS, -1, 0) = 0x7fcce3a12000
39    09:16:09.694996 munmap(0x7fcce3a12000, 4096) = 0
39    09:16:28.647062 mmap(NULL, 2109440, PROT_NONE, MAP_PRIVATE|MAP_ANONYMOUS, -1, 0) = 0x7fcce3810000
39    09:16:28.650841 mprotect(0x7fcce3812000, 2101248, PROT_READ|PROT_WRITE) = 0
35    09:16:28.655364 mmap(NULL, 2109440, PROT_NONE, MAP_PRIVATE|MAP_ANONYMOUS, -1, 0) = 0x7fcce1fb5000
4332  09:16:28.658073 mmap(NULL, 12288, PROT_READ|PROT_WRITE, MAP_PRIVATE|MAP_ANONYMOUS|MAP_STACK, -1, 0 <unfinished ...>
35    09:16:28.659054 mprotect(0x7fcce1fb7000, 2101248, PROT_READ|PROT_WRITE <unfinished ...>
4332  09:16:28.660069 <... mmap resumed>) = 0x7fcce23c1000
35    09:16:28.660938 <... mprotect resumed>) = 0
4332  09:16:28.662393 mprotect(0x7fcce23c1000, 4096, PROT_NONE) = 0
4333  09:16:28.665423 mmap(NULL, 12288, PROT_READ|PROT_WRITE, MAP_PRIVATE|MAP_ANONYMOUS|MAP_STACK, -1, 0) = 0x7fcce1fb2000
4333  09:16:28.667159 mprotect(0x7fcce1fb2000, 4096, PROT_NONE) = 0
4333  09:16:38.673598 munmap(0x7fcce21b8000, 2109440) = 0
4333  09:16:38.677825 munmap(0x7fcce1fb2000, 12288) = 0
4333  09:16:38.680918 madvise(0x52b4cc00000, 4194304, MADV_DONTNEED) = 0
4333  09:16:38.683759 madvise(0x52b4d400000, 4194304, MADV_DONTNEED) = 0
4333  09:16:38.686641 madvise(0x52b4edc0000, 65536, MADV_DONTNEED) = 0
4333  09:16:38.689954 +++ exited with 0 +++
4332  09:16:38.690983 munmap(0x7fcce1fb5000, 2109440) = 0
4332  09:16:38.693123 munmap(0x7fcce23c1000, 12288) = 0
4332  09:16:38.695059 +++ exited with 0 +++
35    09:16:39.678833 mmap(NULL, 4096, PROT_READ|PROT_WRITE, MAP_PRIVATE|MAP_ANONYMOUS, -1, 0) = 0x7fcce23c3000
35    09:16:39.681244 munmap(0x7fcce23c3000, 4096) = 0
7     09:17:09.678863 mmap(NULL, 4096, PROT_READ|PROT_WRITE, MAP_PRIVATE|MAP_ANONYMOUS, -1, 0) = 0x7fcce23c3000
7     09:17:09.681065 munmap(0x7fcce23c3000, 4096) = 0
7     09:17:39.692357 mmap(NULL, 4096, PROT_READ|PROT_WRITE, MAP_PRIVATE|MAP_ANONYMOUS, -1, 0) = 0x7fcce23c3000
7     09:17:39.698474 munmap(0x7fcce23c3000, 4096) = 0
7     09:18:09.688149 mmap(NULL, 4096, PROT_READ|PROT_WRITE, MAP_PRIVATE|MAP_ANONYMOUS, -1, 0) = 0x7fcce23c3000
7     09:18:09.690462 munmap(0x7fcce23c3000, 4096) = 0
39    09:18:28.638878 mmap(NULL, 2109440, PROT_NONE, MAP_PRIVATE|MAP_ANONYMOUS, -1, 0) = 0x7fcce21b8000
39    09:18:28.641796 mprotect(0x7fcce21ba000, 2101248, PROT_READ|PROT_WRITE) = 0
4832  09:18:28.645971 mmap(NULL, 12288, PROT_READ|PROT_WRITE, MAP_PRIVATE|MAP_ANONYMOUS|MAP_STACK, -1, 0) = 0x7fcce23c1000
4832  09:18:28.648333 mprotect(0x7fcce23c1000, 4096, PROT_NONE) = 0
4832  09:18:38.672263 munmap(0x7fcce3810000, 2109440) = 0
4832  09:18:38.675812 munmap(0x7fcce23c1000, 12288) = 0
4832  09:18:38.678290 madvise(0x52b4edb0000, 65536, MADV_DONTNEED) = 0
4832  09:18:38.680324 madvise(0x52b4edd0000, 131072, MADV_DONTNEED) = 0
4832  09:18:38.681636 madvise(0x52b4efa0000, 196608, MADV_DONTNEED) = 0
4832  09:18:38.683905 madvise(0x52b54890000, 65536, MADV_DONTNEED) = 0
4832  09:18:38.687101 +++ exited with 0 +++
7     09:18:39.682570 mmap(NULL, 4096, PROT_READ|PROT_WRITE, MAP_PRIVATE|MAP_ANONYMOUS, -1, 0) = 0x7fcce3a12000
7     09:18:39.686330 munmap(0x7fcce3a12000, 4096) = 0
7     09:19:09.697707 mmap(NULL, 4096, PROT_READ|PROT_WRITE, MAP_PRIVATE|MAP_ANONYMOUS, -1, 0) = 0x7fcce3a12000
7     09:19:09.701073 munmap(0x7fcce3a12000, 4096) = 0
39    09:19:39.682113 mmap(NULL, 4096, PROT_READ|PROT_WRITE, MAP_PRIVATE|MAP_ANONYMOUS, -1, 0) = 0x7fcce3a12000
39    09:19:39.684723 munmap(0x7fcce3a12000, 4096) = 0
7     09:20:09.699203 mmap(NULL, 4096, PROT_READ|PROT_WRITE, MAP_PRIVATE|MAP_ANONYMOUS, -1, 0) = 0x7fcce3a12000
7     09:20:09.702049 munmap(0x7fcce3a12000, 4096) = 0
39    09:20:39.682383 mmap(NULL, 4096, PROT_READ|PROT_WRITE, MAP_PRIVATE|MAP_ANONYMOUS, -1, 0) = 0x7fcce3a12000
39    09:20:39.685271 munmap(0x7fcce3a12000, 4096) = 0
35    09:21:09.689248 mmap(NULL, 4096, PROT_READ|PROT_WRITE, MAP_PRIVATE|MAP_ANONYMOUS, -1, 0) = 0x7fcce3a12000
35    09:21:09.692099 munmap(0x7fcce3a12000, 4096) = 0
39    09:21:39.683850 mmap(NULL, 4096, PROT_READ|PROT_WRITE, MAP_PRIVATE|MAP_ANONYMOUS, -1, 0) = 0x7fcce3a12000
39    09:21:39.687059 munmap(0x7fcce3a12000, 4096) = 0
7     09:22:09.687055 mmap(NULL, 4096, PROT_READ|PROT_WRITE, MAP_PRIVATE|MAP_ANONYMOUS, -1, 0) = 0x7fcce3a12000
7     09:22:09.689319 munmap(0x7fcce3a12000, 4096) = 0
7     09:22:28.621841 mmap(NULL, 2109440, PROT_NONE, MAP_PRIVATE|MAP_ANONYMOUS, -1, 0) = 0x7fcce3810000
7     09:22:28.628366 mprotect(0x7fcce3812000, 2101248, PROT_READ|PROT_WRITE) = 0
35    09:22:28.631476 mmap(NULL, 2109440, PROT_NONE, MAP_PRIVATE|MAP_ANONYMOUS, -1, 0) = 0x7fcce1fb5000
35    09:22:28.633281 mprotect(0x7fcce1fb7000, 2101248, PROT_READ|PROT_WRITE <unfinished ...>
5832  09:22:28.634133 mmap(NULL, 12288, PROT_READ|PROT_WRITE, MAP_PRIVATE|MAP_ANONYMOUS|MAP_STACK, -1, 0 <unfinished ...>
35    09:22:28.634789 <... mprotect resumed>) = 0
5832  09:22:28.635479 <... mmap resumed>) = 0x7fcce23c1000
5832  09:22:28.635925 mprotect(0x7fcce23c1000, 4096, PROT_NONE) = 0
5833  09:22:28.637409 mmap(NULL, 12288, PROT_READ|PROT_WRITE, MAP_PRIVATE|MAP_ANONYMOUS|MAP_STACK, -1, 0) = 0x7fcce1fb2000
5833  09:22:28.638247 mprotect(0x7fcce1fb2000, 4096, PROT_NONE) = 0
5833  09:22:38.643178 munmap(0x7fcce21b8000, 2109440) = 0
5833  09:22:38.645764 munmap(0x7fcce1fb2000, 12288) = 0
5833  09:22:38.648220 madvise(0x52b4f800000, 524288, MADV_DONTNEED) = 0
5833  09:22:38.650585 madvise(0x52b548a0000, 65536, MADV_DONTNEED) = 0
5833  09:22:38.652082 +++ exited with 0 +++
5832  09:22:38.652869 munmap(0x7fcce1fb5000, 2109440) = 0
5832  09:22:38.654667 munmap(0x7fcce23c1000, 12288) = 0
5832  09:22:38.655798 +++ exited with 0 +++
28    09:22:39.686539 mmap(NULL, 4096, PROT_READ|PROT_WRITE, MAP_PRIVATE|MAP_ANONYMOUS, -1, 0) = 0x7fcce23c3000
28    09:22:39.691772 munmap(0x7fcce23c3000, 4096) = 0
28    09:23:09.688776 mmap(NULL, 4096, PROT_READ|PROT_WRITE, MAP_PRIVATE|MAP_ANONYMOUS, -1, 0) = 0x7fcce23c3000
28    09:23:09.691119 munmap(0x7fcce23c3000, 4096) = 0
28    09:23:28.616997 mmap(NULL, 2109440, PROT_NONE, MAP_PRIVATE|MAP_ANONYMOUS, -1, 0) = 0x7fcce21b8000
28    09:23:28.619978 mprotect(0x7fcce21ba000, 2101248, PROT_READ|PROT_WRITE) = 0
6082  09:23:28.623324 mmap(NULL, 12288, PROT_READ|PROT_WRITE, MAP_PRIVATE|MAP_ANONYMOUS|MAP_STACK, -1, 0) = 0x7fcce23c1000
6082  09:23:28.624576 mprotect(0x7fcce23c1000, 4096, PROT_NONE) = 0
6082  09:23:38.644596 munmap(0x7fcce3810000, 2109440) = 0
6082  09:23:38.648416 munmap(0x7fcce23c1000, 12288) = 0
6082  09:23:38.651170 madvise(0x52b4edd0000, 65536, MADV_DONTNEED) = 0
6082  09:23:38.653294 madvise(0x52b54890000, 65536, MADV_DONTNEED) = 0
6082  09:23:38.655564 madvise(0x52b548b0000, 196608, MADV_DONTNEED) = 0
6082  09:23:38.657435 madvise(0x52b548f0000, 131072, MADV_DONTNEED) = 0
6082  09:23:38.661393 +++ exited with 0 +++
35    09:23:39.692236 mmap(NULL, 4096, PROT_READ|PROT_WRITE, MAP_PRIVATE|MAP_ANONYMOUS, -1, 0) = 0x7fcce3a12000
35    09:23:39.695221 munmap(0x7fcce3a12000, 4096) = 0
28    09:24:09.704488 mmap(NULL, 4096, PROT_READ|PROT_WRITE, MAP_PRIVATE|MAP_ANONYMOUS, -1, 0) = 0x7fcce3a12000
28    09:24:09.707286 munmap(0x7fcce3a12000, 4096) = 0
28    09:24:39.710445 mmap(NULL, 4096, PROT_READ|PROT_WRITE, MAP_PRIVATE|MAP_ANONYMOUS, -1, 0) = 0x7fcce3a12000
28    09:24:39.713274 munmap(0x7fcce3a12000, 4096) = 0
28    09:25:09.712866 mmap(NULL, 4096, PROT_READ|PROT_WRITE, MAP_PRIVATE|MAP_ANONYMOUS, -1, 0) = 0x7fcce3a12000
28    09:25:09.716965 munmap(0x7fcce3a12000, 4096) = 0
35    09:25:39.691082 mmap(NULL, 4096, PROT_READ|PROT_WRITE, MAP_PRIVATE|MAP_ANONYMOUS, -1, 0) = 0x7fcce3a12000
35    09:25:39.693426 munmap(0x7fcce3a12000, 4096) = 0
39    09:26:09.690847 mmap(NULL, 4096, PROT_READ|PROT_WRITE, MAP_PRIVATE|MAP_ANONYMOUS, -1, 0) = 0x7fcce3a12000
39    09:26:09.693033 munmap(0x7fcce3a12000, 4096) = 0
28    09:26:39.701779 mmap(NULL, 4096, PROT_READ|PROT_WRITE, MAP_PRIVATE|MAP_ANONYMOUS, -1, 0) = 0x7fcce3a12000
28    09:26:39.706187 munmap(0x7fcce3a12000, 4096) = 0
35    09:27:09.703457 mmap(NULL, 4096, PROT_READ|PROT_WRITE, MAP_PRIVATE|MAP_ANONYMOUS, -1, 0) = 0x7fcce3a12000
35    09:27:09.706689 munmap(0x7fcce3a12000, 4096) = 0
28    09:27:39.707039 mmap(NULL, 4096, PROT_READ|PROT_WRITE, MAP_PRIVATE|MAP_ANONYMOUS, -1, 0) = 0x7fcce3a12000
28    09:27:39.708826 munmap(0x7fcce3a12000, 4096) = 0
28    09:28:09.708099 mmap(NULL, 4096, PROT_READ|PROT_WRITE, MAP_PRIVATE|MAP_ANONYMOUS, -1, 0) = 0x7fcce3a12000
28    09:28:09.711237 munmap(0x7fcce3a12000, 4096) = 0
28    09:28:28.593030 mmap(NULL, 2109440, PROT_NONE, MAP_PRIVATE|MAP_ANONYMOUS, -1, 0) = 0x7fcce3810000
28    09:28:28.594548 mprotect(0x7fcce3812000, 2101248, PROT_READ|PROT_WRITE) = 0
35    09:28:28.595628 mmap(NULL, 2109440, PROT_NONE, MAP_PRIVATE|MAP_ANONYMOUS, -1, 0) = 0x7fcce1fb5000
35    09:28:28.597370 mprotect(0x7fcce1fb7000, 2101248, PROT_READ|PROT_WRITE <unfinished ...>
7331  09:28:28.600178 mmap(NULL, 12288, PROT_READ|PROT_WRITE, MAP_PRIVATE|MAP_ANONYMOUS|MAP_STACK, -1, 0 <unfinished ...>
35    09:28:28.601295 <... mprotect resumed>) = 0
7331  09:28:28.605394 <... mmap resumed>) = 0x7fcce23c1000
7331  09:28:28.608336 mprotect(0x7fcce23c1000, 4096, PROT_NONE) = 0
39    09:28:28.611613 mmap(NULL, 2109440, PROT_NONE, MAP_PRIVATE|MAP_ANONYMOUS, -1, 0) = 0x7fcce1d84000
7332  09:28:28.612285 mmap(NULL, 12288, PROT_READ|PROT_WRITE, MAP_PRIVATE|MAP_ANONYMOUS|MAP_STACK, -1, 0 <unfinished ...>
39    09:28:28.612517 mprotect(0x7fcce1d86000, 2101248, PROT_READ|PROT_WRITE <unfinished ...>
7332  09:28:28.612788 <... mmap resumed>) = 0x7fcce1fb2000
39    09:28:28.613027 <... mprotect resumed>) = 0
7332  09:28:28.613232 mprotect(0x7fcce1fb2000, 4096, PROT_NONE) = 0
7333  09:28:28.614301 mmap(NULL, 12288, PROT_READ|PROT_WRITE, MAP_PRIVATE|MAP_ANONYMOUS|MAP_STACK, -1, 0) = 0x7fcce1faf000
7333  09:28:28.614899 mprotect(0x7fcce1faf000, 4096, PROT_NONE) = 0
7333  09:28:38.619543 munmap(0x7fcce21b8000, 2109440) = 0
7333  09:28:38.621259 munmap(0x7fcce1faf000, 12288) = 0
7333  09:28:38.622240 +++ exited with 0 +++
7332  09:28:38.622650 munmap(0x7fcce1d84000, 2109440) = 0
7332  09:28:38.623680 munmap(0x7fcce1fb2000, 12288) = 0
7332  09:28:38.624784 +++ exited with 0 +++
7331  09:28:38.633046 munmap(0x7fcce1fb5000, 2109440) = 0
7331  09:28:38.633818 munmap(0x7fcce23c1000, 12288) = 0
7331  09:28:38.634647 +++ exited with 0 +++
7     09:28:39.694125 mmap(NULL, 4096, PROT_READ|PROT_WRITE, MAP_PRIVATE|MAP_ANONYMOUS, -1, 0) = 0x7fcce23c3000
7     09:28:39.697293 munmap(0x7fcce23c3000, 4096) = 0
7     09:29:09.707748 mmap(NULL, 4096, PROT_READ|PROT_WRITE, MAP_PRIVATE|MAP_ANONYMOUS, -1, 0) = 0x7fcce23c3000
7     09:29:09.710683 munmap(0x7fcce23c3000, 4096) = 0
7     09:29:12.919587 madvise(0x52b4edd0000, 131072, MADV_DONTNEED) = 0
7     09:29:12.922855 madvise(0x52b4efa0000, 393216, MADV_DONTNEED) = 0
7     09:29:12.925370 madvise(0x52b4f780000, 524288, MADV_DONTNEED) = 0
35    09:29:39.693982 mmap(NULL, 4096, PROT_READ|PROT_WRITE, MAP_PRIVATE|MAP_ANONYMOUS, -1, 0) = 0x7fcce23c3000
35    09:29:39.696819 munmap(0x7fcce23c3000, 4096) = 0
39    09:30:09.695089 mmap(NULL, 4096, PROT_READ|PROT_WRITE, MAP_PRIVATE|MAP_ANONYMOUS, -1, 0) = 0x7fcce23c3000
39    09:30:09.697733 munmap(0x7fcce23c3000, 4096) = 0
7     09:30:39.707559 mmap(NULL, 4096, PROT_READ|PROT_WRITE, MAP_PRIVATE|MAP_ANONYMOUS, -1, 0) = 0x7fcce23c3000
7     09:30:39.710147 munmap(0x7fcce23c3000, 4096) = 0
39    09:31:09.707816 mmap(NULL, 4096, PROT_READ|PROT_WRITE, MAP_PRIVATE|MAP_ANONYMOUS, -1, 0) = 0x7fcce23c3000
39    09:31:09.710769 munmap(0x7fcce23c3000, 4096) = 0
39    09:31:39.708574 mmap(NULL, 4096, PROT_READ|PROT_WRITE, MAP_PRIVATE|MAP_ANONYMOUS, -1, 0) = 0x7fcce23c3000
39    09:31:39.711007 munmap(0x7fcce23c3000, 4096) = 0
39    09:32:09.706598 mmap(NULL, 4096, PROT_READ|PROT_WRITE, MAP_PRIVATE|MAP_ANONYMOUS, -1, 0) = 0x7fcce23c3000
39    09:32:09.708571 munmap(0x7fcce23c3000, 4096) = 0
7     09:32:39.710491 mmap(NULL, 4096, PROT_READ|PROT_WRITE, MAP_PRIVATE|MAP_ANONYMOUS, -1, 0) = 0x7fcce23c3000
7     09:32:39.712126 munmap(0x7fcce23c3000, 4096) = 0
7     09:33:09.702899 mmap(NULL, 4096, PROT_READ|PROT_WRITE, MAP_PRIVATE|MAP_ANONYMOUS, -1, 0) = 0x7fcce23c3000
7     09:33:09.705690 munmap(0x7fcce23c3000, 4096) = 0
39    09:33:28.573167 mmap(NULL, 2109440, PROT_NONE, MAP_PRIVATE|MAP_ANONYMOUS, -1, 0) = 0x7fcce21b8000
39    09:33:28.577121 mprotect(0x7fcce21ba000, 2101248, PROT_READ|PROT_WRITE) = 0
8585  09:33:28.581453 mmap(NULL, 12288, PROT_READ|PROT_WRITE, MAP_PRIVATE|MAP_ANONYMOUS|MAP_STACK, -1, 0) = 0x7fcce23c1000
8585  09:33:28.583875 mprotect(0x7fcce23c1000, 4096, PROT_NONE) = 0
8585  09:33:38.595503 munmap(0x7fcce3810000, 2109440) = 0
8585  09:33:38.598888 munmap(0x7fcce23c1000, 12288) = 0
8585  09:33:38.602216 +++ exited with 0 +++
39    09:33:39.716938 mmap(NULL, 4096, PROT_READ|PROT_WRITE, MAP_PRIVATE|MAP_ANONYMOUS, -1, 0) = 0x7fcce3a12000
39    09:33:39.719872 munmap(0x7fcce3a12000, 4096) = 0
35    09:34:09.717887 mmap(NULL, 4096, PROT_READ|PROT_WRITE, MAP_PRIVATE|MAP_ANONYMOUS, -1, 0) = 0x7fcce3a12000
35    09:34:09.720578 munmap(0x7fcce3a12000, 4096) = 0
39    09:34:28.568153 mmap(NULL, 2109440, PROT_NONE, MAP_PRIVATE|MAP_ANONYMOUS, -1, 0) = 0x7fcce3810000
39    09:34:28.571991 mprotect(0x7fcce3812000, 2101248, PROT_READ|PROT_WRITE) = 0
35    09:34:28.576646 mmap(NULL, 2109440, PROT_NONE, MAP_PRIVATE|MAP_ANONYMOUS, -1, 0) = 0x7fcce1fb5000
35    09:34:28.580387 mprotect(0x7fcce1fb7000, 2101248, PROT_READ|PROT_WRITE <unfinished ...>
8834  09:34:28.581072 mmap(NULL, 12288, PROT_READ|PROT_WRITE, MAP_PRIVATE|MAP_ANONYMOUS|MAP_STACK, -1, 0 <unfinished ...>
35    09:34:28.581607 <... mprotect resumed>) = 0
8834  09:34:28.582036 <... mmap resumed>) = 0x7fcce23c1000
8834  09:34:28.582599 mprotect(0x7fcce23c1000, 4096, PROT_NONE) = 0
8835  09:34:28.584539 mmap(NULL, 12288, PROT_READ|PROT_WRITE, MAP_PRIVATE|MAP_ANONYMOUS|MAP_STACK, -1, 0) = 0x7fcce1fb2000
8835  09:34:28.590975 mprotect(0x7fcce1fb2000, 4096, PROT_NONE) = 0
8835  09:34:38.596375 munmap(0x7fcce21b8000, 2109440) = 0
8835  09:34:38.599575 munmap(0x7fcce1fb2000, 12288) = 0
8835  09:34:38.602457 madvise(0x52b548a0000, 65536, MADV_DONTNEED) = 0
8835  09:34:38.605151 +++ exited with 0 +++
8834  09:34:38.605861 munmap(0x7fcce1fb5000, 2109440) = 0
8834  09:34:38.607955 munmap(0x7fcce23c1000, 12288) = 0
8834  09:34:38.609818 +++ exited with 0 +++
35    09:34:39.721852 mmap(NULL, 4096, PROT_READ|PROT_WRITE, MAP_PRIVATE|MAP_ANONYMOUS, -1, 0) = 0x7fcce23c3000
35    09:34:39.724344 munmap(0x7fcce23c3000, 4096) = 0
7     09:35:09.701734 mmap(NULL, 4096, PROT_READ|PROT_WRITE, MAP_PRIVATE|MAP_ANONYMOUS, -1, 0) = 0x7fcce23c3000
7     09:35:09.704436 munmap(0x7fcce23c3000, 4096) = 0
35    09:35:39.711008 mmap(NULL, 4096, PROT_READ|PROT_WRITE, MAP_PRIVATE|MAP_ANONYMOUS, -1, 0) = 0x7fcce23c3000
35    09:35:39.713440 munmap(0x7fcce23c3000, 4096) = 0
35    09:36:09.703697 mmap(NULL, 4096, PROT_READ|PROT_WRITE, MAP_PRIVATE|MAP_ANONYMOUS, -1, 0) = 0x7fcce23c3000
35    09:36:09.705896 munmap(0x7fcce23c3000, 4096) = 0
7     09:36:39.710058 mmap(NULL, 4096, PROT_READ|PROT_WRITE, MAP_PRIVATE|MAP_ANONYMOUS, -1, 0) = 0x7fcce23c3000
7     09:36:39.711928 munmap(0x7fcce23c3000, 4096) = 0
7     09:37:09.699683 mmap(NULL, 4096, PROT_READ|PROT_WRITE, MAP_PRIVATE|MAP_ANONYMOUS, -1, 0) = 0x7fcce23c3000
7     09:37:09.700701 munmap(0x7fcce23c3000, 4096) = 0
35    09:37:39.704386 mmap(NULL, 4096, PROT_READ|PROT_WRITE, MAP_PRIVATE|MAP_ANONYMOUS, -1, 0) = 0x7fcce23c3000
35    09:37:39.707517 munmap(0x7fcce23c3000, 4096) = 0
35    09:38:09.702893 mmap(NULL, 4096, PROT_READ|PROT_WRITE, MAP_PRIVATE|MAP_ANONYMOUS, -1, 0) = 0x7fcce23c3000
35    09:38:09.704885 munmap(0x7fcce23c3000, 4096) = 0
31    09:38:28.550130 mmap(NULL, 2109440, PROT_NONE, MAP_PRIVATE|MAP_ANONYMOUS, -1, 0) = 0x7fcce21b8000
31    09:38:28.552987 mprotect(0x7fcce21ba000, 2101248, PROT_READ|PROT_WRITE) = 0
9836  09:38:28.558654 mmap(NULL, 12288, PROT_READ|PROT_WRITE, MAP_PRIVATE|MAP_ANONYMOUS|MAP_STACK, -1, 0) = 0x7fcce23c1000
9836  09:38:28.562400 mprotect(0x7fcce23c1000, 4096, PROT_NONE) = 0
9836  09:38:38.579398 munmap(0x7fcce3810000, 2109440) = 0
9836  09:38:38.585619 munmap(0x7fcce23c1000, 12288) = 0
9836  09:38:38.591687 madvise(0x52b4ede0000, 65536, MADV_DONTNEED) = 0
9836  09:38:38.600096 +++ exited with 0 +++
31    09:38:39.723865 mmap(NULL, 4096, PROT_READ|PROT_WRITE, MAP_PRIVATE|MAP_ANONYMOUS, -1, 0) = 0x7fcce3a12000
31    09:38:39.725541 munmap(0x7fcce3a12000, 4096) = 0
7     09:39:09.712289 mmap(NULL, 4096, PROT_READ|PROT_WRITE, MAP_PRIVATE|MAP_ANONYMOUS, -1, 0) = 0x7fcce3a12000
7     09:39:09.715177 munmap(0x7fcce3a12000, 4096) = 0
31    09:39:39.722717 mmap(NULL, 4096, PROT_READ|PROT_WRITE, MAP_PRIVATE|MAP_ANONYMOUS, -1, 0) = 0x7fcce3a12000
31    09:39:39.724295 munmap(0x7fcce3a12000, 4096) = 0
7     09:40:09.715678 mmap(NULL, 4096, PROT_READ|PROT_WRITE, MAP_PRIVATE|MAP_ANONYMOUS, -1, 0) = 0x7fcce3a12000
7     09:40:09.718258 munmap(0x7fcce3a12000, 4096) = 0
31    09:40:28.542105 mmap(NULL, 2109440, PROT_NONE, MAP_PRIVATE|MAP_ANONYMOUS, -1, 0) = 0x7fcce3810000
31    09:40:28.545487 mprotect(0x7fcce3812000, 2101248, PROT_READ|PROT_WRITE) = 0
35    09:40:28.549695 mmap(NULL, 2109440, PROT_NONE, MAP_PRIVATE|MAP_ANONYMOUS, -1, 0) = 0x7fcce1fb5000
35    09:40:28.552640 mprotect(0x7fcce1fb7000, 2101248, PROT_READ|PROT_WRITE) = 0
10335 09:40:28.554343 mmap(NULL, 12288, PROT_READ|PROT_WRITE, MAP_PRIVATE|MAP_ANONYMOUS|MAP_STACK, -1, 0) = 0x7fcce23c1000
10335 09:40:28.555757 mprotect(0x7fcce23c1000, 4096, PROT_NONE) = 0
10336 09:40:28.557215 mmap(NULL, 12288, PROT_READ|PROT_WRITE, MAP_PRIVATE|MAP_ANONYMOUS|MAP_STACK, -1, 0) = 0x7fcce1fb2000
10336 09:40:28.558707 mprotect(0x7fcce1fb2000, 4096, PROT_NONE) = 0
10336 09:40:38.565229 munmap(0x7fcce21b8000, 2109440) = 0
10336 09:40:38.569315 munmap(0x7fcce1fb2000, 12288) = 0
10336 09:40:38.572659 +++ exited with 0 +++
10335 09:40:38.573828 munmap(0x7fcce1fb5000, 2109440) = 0
10335 09:40:38.575948 munmap(0x7fcce23c1000, 12288) = 0
10335 09:40:38.577782 +++ exited with 0 +++
39    09:40:39.719797 mmap(NULL, 4096, PROT_READ|PROT_WRITE, MAP_PRIVATE|MAP_ANONYMOUS, -1, 0) = 0x7fcce23c3000
39    09:40:39.722602 munmap(0x7fcce23c3000, 4096) = 0
35    09:41:09.705684 mmap(NULL, 4096, PROT_READ|PROT_WRITE, MAP_PRIVATE|MAP_ANONYMOUS, -1, 0) = 0x7fcce23c3000
35    09:41:09.707436 munmap(0x7fcce23c3000, 4096) = 0
7     09:41:39.704996 mmap(NULL, 4096, PROT_READ|PROT_WRITE, MAP_PRIVATE|MAP_ANONYMOUS, -1, 0) = 0x7fcce23c3000
7     09:41:39.706698 munmap(0x7fcce23c3000, 4096) = 0
39    09:42:09.720267 mmap(NULL, 4096, PROT_READ|PROT_WRITE, MAP_PRIVATE|MAP_ANONYMOUS, -1, 0) = 0x7fcce23c3000
39    09:42:09.723218 munmap(0x7fcce23c3000, 4096) = 0
39    09:42:39.716874 mmap(NULL, 4096, PROT_READ|PROT_WRITE, MAP_PRIVATE|MAP_ANONYMOUS, -1, 0) = 0x7fcce23c3000
39    09:42:39.720455 munmap(0x7fcce23c3000, 4096) = 0
39    09:43:09.731086 mmap(NULL, 4096, PROT_READ|PROT_WRITE, MAP_PRIVATE|MAP_ANONYMOUS, -1, 0) = 0x7fcce23c3000
39    09:43:09.733578 munmap(0x7fcce23c3000, 4096) = 0
7     09:43:28.530550 mmap(NULL, 2109440, PROT_NONE, MAP_PRIVATE|MAP_ANONYMOUS, -1, 0) = 0x7fcce21b8000
7     09:43:28.532963 mprotect(0x7fcce21ba000, 2101248, PROT_READ|PROT_WRITE) = 0
11084 09:43:28.536139 mmap(NULL, 12288, PROT_READ|PROT_WRITE, MAP_PRIVATE|MAP_ANONYMOUS|MAP_STACK, -1, 0) = 0x7fcce23c1000
11084 09:43:28.537870 mprotect(0x7fcce23c1000, 4096, PROT_NONE) = 0
11084 09:43:38.548840 munmap(0x7fcce3810000, 2109440) = 0
11084 09:43:38.551124 munmap(0x7fcce23c1000, 12288) = 0
11084 09:43:38.552955 madvise(0x52b4ede0000, 65536, MADV_DONTNEED) = 0
11084 09:43:38.554656 madvise(0x52b4efa0000, 393216, MADV_DONTNEED) = 0
11084 09:43:38.556591 +++ exited with 0 +++
35    09:43:39.708140 mmap(NULL, 4096, PROT_READ|PROT_WRITE, MAP_PRIVATE|MAP_ANONYMOUS, -1, 0) = 0x7fcce3a12000
35    09:43:39.710568 munmap(0x7fcce3a12000, 4096) = 0
35    09:44:09.706309 mmap(NULL, 4096, PROT_READ|PROT_WRITE, MAP_PRIVATE|MAP_ANONYMOUS, -1, 0) = 0x7fcce3a12000
35    09:44:09.708203 munmap(0x7fcce3a12000, 4096) = 0
39    09:44:39.708046 mmap(NULL, 4096, PROT_READ|PROT_WRITE, MAP_PRIVATE|MAP_ANONYMOUS, -1, 0) = 0x7fcce3a12000
39    09:44:39.712554 munmap(0x7fcce3a12000, 4096) = 0
39    09:45:09.728328 mmap(NULL, 4096, PROT_READ|PROT_WRITE, MAP_PRIVATE|MAP_ANONYMOUS, -1, 0) = 0x7fcce3a12000
39    09:45:09.729085 munmap(0x7fcce3a12000, 4096) = 0
39    09:45:39.728896 mmap(NULL, 4096, PROT_READ|PROT_WRITE, MAP_PRIVATE|MAP_ANONYMOUS, -1, 0) = 0x7fcce3a12000
39    09:45:39.731651 munmap(0x7fcce3a12000, 4096) = 0
39    09:46:09.710155 mmap(NULL, 4096, PROT_READ|PROT_WRITE, MAP_PRIVATE|MAP_ANONYMOUS, -1, 0) = 0x7fcce3a12000
39    09:46:09.712060 munmap(0x7fcce3a12000, 4096) = 0
39    09:46:28.515485 mmap(NULL, 2109440, PROT_NONE, MAP_PRIVATE|MAP_ANONYMOUS, -1, 0) = 0x7fcce3810000
39    09:46:28.519221 mprotect(0x7fcce3812000, 2101248, PROT_READ|PROT_WRITE) = 0
35    09:46:28.523470 mmap(NULL, 2109440, PROT_NONE, MAP_PRIVATE|MAP_ANONYMOUS, -1, 0) = 0x7fcce1fb5000
35    09:46:28.526030 mprotect(0x7fcce1fb7000, 2101248, PROT_READ|PROT_WRITE) = 0
11837 09:46:28.527637 mmap(NULL, 12288, PROT_READ|PROT_WRITE, MAP_PRIVATE|MAP_ANONYMOUS|MAP_STACK, -1, 0) = 0x7fcce23c1000
11837 09:46:28.528830 mprotect(0x7fcce23c1000, 4096, PROT_NONE) = 0
11838 09:46:28.531080 mmap(NULL, 12288, PROT_READ|PROT_WRITE, MAP_PRIVATE|MAP_ANONYMOUS|MAP_STACK, -1, 0) = 0x7fcce1fb2000
11838 09:46:28.532544 mprotect(0x7fcce1fb2000, 4096, PROT_NONE) = 0
11838 09:46:38.540233 munmap(0x7fcce21b8000, 2109440) = 0
11838 09:46:38.550128 munmap(0x7fcce1fb2000, 12288) = 0
11838 09:46:38.556577 +++ exited with 0 +++
11837 09:46:38.557314 munmap(0x7fcce1fb5000, 2109440) = 0
11837 09:46:38.558623 munmap(0x7fcce23c1000, 12288) = 0
11837 09:46:38.559708 +++ exited with 0 +++
31    09:46:39.731852 mmap(NULL, 4096, PROT_READ|PROT_WRITE, MAP_PRIVATE|MAP_ANONYMOUS, -1, 0) = 0x7fcce23c3000
31    09:46:39.734851 munmap(0x7fcce23c3000, 4096) = 0
35    09:47:09.711298 mmap(NULL, 4096, PROT_READ|PROT_WRITE, MAP_PRIVATE|MAP_ANONYMOUS, -1, 0) = 0x7fcce23c3000
35    09:47:09.714528 munmap(0x7fcce23c3000, 4096) = 0
35    09:47:39.734714 mmap(NULL, 4096, PROT_READ|PROT_WRITE, MAP_PRIVATE|MAP_ANONYMOUS, -1, 0) = 0x7fcce23c3000
35    09:47:39.737891 munmap(0x7fcce23c3000, 4096) = 0
31    09:48:09.712366 mmap(NULL, 4096, PROT_READ|PROT_WRITE, MAP_PRIVATE|MAP_ANONYMOUS, -1, 0) = 0x7fcce23c3000
31    09:48:09.714218 munmap(0x7fcce23c3000, 4096) = 0
35    09:48:28.507100 mmap(NULL, 2109440, PROT_NONE, MAP_PRIVATE|MAP_ANONYMOUS, -1, 0) = 0x7fcce21b8000
35    09:48:28.508379 mprotect(0x7fcce21ba000, 2101248, PROT_READ|PROT_WRITE) = 0
12335 09:48:28.510228 mmap(NULL, 12288, PROT_READ|PROT_WRITE, MAP_PRIVATE|MAP_ANONYMOUS|MAP_STACK, -1, 0) = 0x7fcce23c1000
12335 09:48:28.511138 mprotect(0x7fcce23c1000, 4096, PROT_NONE) = 0
35    09:48:28.515192 mmap(NULL, 2109440, PROT_NONE, MAP_PRIVATE|MAP_ANONYMOUS, -1, 0) = 0x7fcce1fb5000
35    09:48:28.516566 mprotect(0x7fcce1fb7000, 2101248, PROT_READ|PROT_WRITE) = 0
12336 09:48:28.529463 mmap(NULL, 12288, PROT_READ|PROT_WRITE, MAP_PRIVATE|MAP_ANONYMOUS|MAP_STACK, -1, 0) = 0x7fcce1fb2000
12336 09:48:28.530296 mprotect(0x7fcce1fb2000, 4096, PROT_NONE) = 0
12336 09:48:38.531893 munmap(0x7fcce3810000, 2109440) = 0
12336 09:48:38.535605 munmap(0x7fcce1fb2000, 12288) = 0
12336 09:48:38.538214 madvise(0x52b4ede0000, 65536, MADV_DONTNEED) = 0
12336 09:48:38.540175 madvise(0x52b54c30000, 65536, MADV_DONTNEED) = 0
12336 09:48:38.542019 madvise(0x52b54c40000, 65536, MADV_DONTNEED) = 0
12336 09:48:38.542933 madvise(0x52b54c50000, 65536, MADV_DONTNEED) = 0
12336 09:48:38.544032 madvise(0x52b54c60000, 65536, MADV_DONTNEED) = 0
12336 09:48:38.544860 madvise(0x52b54c70000, 65536, MADV_DONTNEED) = 0
12336 09:48:38.545960 madvise(0x52b54c80000, 65536, MADV_DONTNEED) = 0
12336 09:48:38.547099 +++ exited with 0 +++
12335 09:48:38.547567 munmap(0x7fcce1fb5000, 2109440) = 0
12335 09:48:38.548565 munmap(0x7fcce23c1000, 12288) = 0
12335 09:48:38.549843 +++ exited with 0 +++
39    09:48:39.735257 mmap(NULL, 4096, PROT_READ|PROT_WRITE, MAP_PRIVATE|MAP_ANONYMOUS, -1, 0) = 0x7fcce3a12000
39    09:52:28.484929 mmap(NULL, 2109440, PROT_NONE, MAP_PRIVATE|MAP_ANONYMOUS, -1, 0) = 0x7fcce1fb5000
39    09:52:28.486937 mprotect(0x7fcce1fb7000, 2101248, PROT_READ|PROT_WRITE) = 0
31    09:52:28.489424 mmap(NULL, 2109440, PROT_NONE, MAP_PRIVATE|MAP_ANONYMOUS, -1, 0 <unfinished ...>
13335 09:52:28.490360 mmap(NULL, 12288, PROT_READ|PROT_WRITE, MAP_PRIVATE|MAP_ANONYMOUS|MAP_STACK, -1, 0 <unfinished ...>
31    09:52:28.491559 <... mmap resumed>) = 0x7fcce1d84000
13335 09:52:28.492116 <... mmap resumed>) = 0x7fcce3a0f000
31    09:52:28.492508 mprotect(0x7fcce1d86000, 2101248, PROT_READ|PROT_WRITE <unfinished ...>
13335 09:52:28.492894 mprotect(0x7fcce3a0f000, 4096, PROT_NONE <unfinished ...>
31    09:52:28.493185 <... mprotect resumed>) = 0
13335 09:52:28.493669 <... mprotect resumed>) = 0
13336 09:52:28.494780 mmap(NULL, 12288, PROT_READ|PROT_WRITE, MAP_PRIVATE|MAP_ANONYMOUS|MAP_STACK, -1, 0) = 0x7fcce3a0c000
13336 09:52:28.496085 mprotect(0x7fcce3a0c000, 4096, PROT_NONE) = 0
13336 09:52:38.501434 munmap(0x7fcce21b8000, 2109440) = 0
13336 09:52:38.504695 munmap(0x7fcce3a0c000, 12288) = 0
13336 09:52:38.506969 madvise(0x52b4efa0000, 65536, MADV_DONTNEED) = 0
13336 09:52:38.508739 madvise(0x52b54c20000, 65536, MADV_DONTNEED) = 0
13336 09:52:38.510434 +++ exited with 0 +++
13335 09:52:38.511044 munmap(0x7fcce1d84000, 2109440) = 0
13335 09:52:38.512106 munmap(0x7fcce3a0f000, 12288) = 0
13335 09:52:38.513161 +++ exited with 0 +++
35    09:53:28.479575 mmap(NULL, 2109440, PROT_NONE, MAP_PRIVATE|MAP_ANONYMOUS, -1, 0) = 0x7fcce21b8000
35    09:53:28.482567 mprotect(0x7fcce21ba000, 2101248, PROT_READ|PROT_WRITE) = 0
13590 09:53:28.486511 mmap(NULL, 12288, PROT_READ|PROT_WRITE, MAP_PRIVATE|MAP_ANONYMOUS|MAP_STACK, -1, 0) = 0x7fcce3a0f000
13590 09:53:28.489053 mprotect(0x7fcce3a0f000, 4096, PROT_NONE) = 0
13590 09:53:38.512372 munmap(0x7fcce1fb5000, 2109440) = 0
13590 09:53:38.520904 munmap(0x7fcce3a0f000, 12288) = 0
13590 09:53:38.526171 madvise(0x52b4ede0000, 65536, MADV_DONTNEED) = 0
13590 09:53:38.530252 madvise(0x52b4efb0000, 327680, MADV_DONTNEED) = 0
13590 09:53:38.536138 +++ exited with 0 +++
35    09:54:26.895714 mmap(NULL, 2109440, PROT_NONE, MAP_PRIVATE|MAP_ANONYMOUS, -1, 0) = 0x7fcce1fb5000
35    09:54:26.898549 mprotect(0x7fcce1fb7000, 2101248, PROT_READ|PROT_WRITE) = 0
13835 09:54:26.901835 mmap(NULL, 12288, PROT_READ|PROT_WRITE, MAP_PRIVATE|MAP_ANONYMOUS|MAP_STACK, -1, 0) = 0x7fcce3a0f000
13835 09:54:26.907863 mprotect(0x7fcce3a0f000, 4096, PROT_NONE) = 0
7     09:54:27.046875 mmap(NULL, 8192, PROT_READ|PROT_WRITE, MAP_PRIVATE|MAP_ANONYMOUS, -1, 0) = 0x7fcce3a0d000
7     09:54:27.049471 mmap(NULL, 4096, PROT_READ|PROT_WRITE, MAP_PRIVATE|MAP_ANONYMOUS, -1, 0) = 0x7fcce3a0c000
7     09:54:27.050834 munmap(0x7fcce3a0c000, 4096) = 0
31    09:54:27.085433 mmap(NULL, 4096, PROT_READ|PROT_WRITE, MAP_PRIVATE|MAP_ANONYMOUS, -1, 0) = 0x7fcce3a0c000
31    09:54:27.087944 munmap(0x7fcce3a0d000, 8192) = 0
13835 09:54:27.520233 madvise(0x52b50600000, 1114112, MADV_DONTNEED) = 0
13835 09:54:27.521291 madvise(0x52b511a0000, 65536, MADV_DONTNEED) = 0
13835 09:54:27.521746 madvise(0x52b511b0000, 65536, MADV_DONTNEED) = 0
13835 09:54:27.522257 madvise(0x52b511c0000, 65536, MADV_DONTNEED) = 0
13835 09:54:27.522730 madvise(0x52b511d0000, 65536, MADV_DONTNEED) = 0
13835 09:54:27.523334 madvise(0x52b511e0000, 65536, MADV_DONTNEED) = 0
13835 09:54:27.523814 madvise(0x52b511f0000, 65536, MADV_DONTNEED) = 0
13835 09:54:27.524345 madvise(0x52b51200000, 65536, MADV_DONTNEED) = 0
13835 09:54:27.524856 madvise(0x52b51210000, 65536, MADV_DONTNEED) = 0
13835 09:54:27.525374 madvise(0x52b51220000, 65536, MADV_DONTNEED) = 0
13835 09:54:27.525786 madvise(0x52b51230000, 65536, MADV_DONTNEED) = 0
13835 09:54:27.526276 madvise(0x52b51240000, 65536, MADV_DONTNEED) = 0
13835 09:54:27.526742 madvise(0x52b51250000, 65536, MADV_DONTNEED) = 0
13835 09:54:27.527111 madvise(0x52b51260000, 65536, MADV_DONTNEED) = 0
13835 09:54:27.527545 madvise(0x52b51270000, 65536, MADV_DONTNEED) = 0
13835 09:54:27.527988 madvise(0x52b51280000, 65536, MADV_DONTNEED) = 0
13835 09:54:27.528417 madvise(0x52b51290000, 65536, MADV_DONTNEED) = 0
13835 09:54:27.528886 madvise(0x52b512a0000, 65536, MADV_DONTNEED) = 0
13835 09:54:27.529367 madvise(0x52b512b0000, 65536, MADV_DONTNEED) = 0
13835 09:54:27.529887 madvise(0x52b512c0000, 65536, MADV_DONTNEED) = 0
13835 09:54:27.530294 madvise(0x52b512d0000, 65536, MADV_DONTNEED) = 0
13835 09:54:27.530780 madvise(0x52b512e0000, 65536, MADV_DONTNEED) = 0
13835 09:54:27.531178 madvise(0x52b512f0000, 65536, MADV_DONTNEED) = 0
13835 09:54:27.531603 madvise(0x52b51300000, 65536, MADV_DONTNEED) = 0
13835 09:54:27.532129 madvise(0x52b51310000, 65536, MADV_DONTNEED) = 0
13835 09:54:27.532615 madvise(0x52b51320000, 65536, MADV_DONTNEED) = 0
13835 09:54:27.533055 madvise(0x52b51330000, 65536, MADV_DONTNEED) = 0
13835 09:54:27.533503 madvise(0x52b51340000, 65536, MADV_DONTNEED) = 0
13835 09:54:27.533960 madvise(0x52b51350000, 65536, MADV_DONTNEED) = 0
13835 09:54:27.534352 madvise(0x52b51360000, 65536, MADV_DONTNEED) = 0
13835 09:54:27.534863 madvise(0x52b51370000, 65536, MADV_DONTNEED) = 0
13835 09:54:27.535337 madvise(0x52b51380000, 65536, MADV_DONTNEED) = 0
13835 09:54:27.536058 madvise(0x52b51390000, 65536, MADV_DONTNEED) = 0
13835 09:54:27.536629 madvise(0x52b513a0000, 65536, MADV_DONTNEED) = 0
13835 09:54:27.537062 madvise(0x52b513b0000, 65536, MADV_DONTNEED) = 0
13835 09:54:27.537561 madvise(0x52b513c0000, 65536, MADV_DONTNEED) = 0
13835 09:54:27.538031 madvise(0x52b513d0000, 65536, MADV_DONTNEED) = 0
13835 09:54:27.538388 madvise(0x52b513e0000, 65536, MADV_DONTNEED) = 0
13835 09:54:27.538851 madvise(0x52b513f0000, 65536, MADV_DONTNEED) = 0
13835 09:54:27.539289 madvise(0x52b51400000, 4194304, MADV_DONTNEED) = 0
13835 09:54:27.539717 madvise(0x52b51800000, 4194304, MADV_DONTNEED) = 0
13835 09:54:27.540325 madvise(0x52b51c00000, 4194304, MADV_DONTNEED) = 0
13835 09:54:27.540828 madvise(0x52b52000000, 131072, MADV_DONTNEED) = 0
13835 09:54:27.541225 madvise(0x52b559e0000, 65536, MADV_DONTNEED) = 0
13835 09:54:27.541645 madvise(0x52b559f0000, 65536, MADV_DONTNEED) = 0
13835 09:54:27.542075 madvise(0x52b55a00000, 65536, MADV_DONTNEED) = 0
13835 09:54:27.542513 madvise(0x52b55a10000, 65536, MADV_DONTNEED) = 0
13835 09:54:27.542880 madvise(0x52b55a20000, 65536, MADV_DONTNEED) = 0
13835 09:54:27.543321 madvise(0x52b55a30000, 65536, MADV_DONTNEED) = 0
13835 09:54:27.543761 madvise(0x52b55a40000, 65536, MADV_DONTNEED) = 0
13835 09:54:27.544162 madvise(0x52b55a50000, 65536, MADV_DONTNEED) = 0
13835 09:54:27.544538 madvise(0x52b55a60000, 65536, MADV_DONTNEED) = 0
13835 09:54:27.545091 madvise(0x52b55a70000, 65536, MADV_DONTNEED) = 0
13835 09:54:27.545555 madvise(0x52b55a80000, 65536, MADV_DONTNEED) = 0
13835 09:54:27.545997 madvise(0x52b55a90000, 65536, MADV_DONTNEED) = 0
13835 09:54:27.546526 madvise(0x52b55aa0000, 65536, MADV_DONTNEED) = 0
13835 09:54:27.546897 madvise(0x52b562c0000, 65536, MADV_DONTNEED) = 0
13835 09:54:27.547275 madvise(0x52b562d0000, 65536, MADV_DONTNEED) = 0
13835 09:54:27.547726 madvise(0x52b562e0000, 65536, MADV_DONTNEED) = 0
13835 09:54:27.548144 madvise(0x52b562f0000, 65536, MADV_DONTNEED) = 0
13835 09:54:27.548660 madvise(0x52b56300000, 65536, MADV_DONTNEED) = 0
13835 09:54:27.549056 madvise(0x52b56310000, 65536, MADV_DONTNEED) = 0
13835 09:54:27.549513 madvise(0x52b56320000, 65536, MADV_DONTNEED) = 0
13835 09:54:27.549925 madvise(0x52b56330000, 65536, MADV_DONTNEED) = 0
13835 09:54:27.550352 madvise(0x52b56340000, 65536, MADV_DONTNEED) = 0
13835 09:54:27.550827 madvise(0x52b56350000, 65536, MADV_DONTNEED) = 0
13835 09:54:27.551347 madvise(0x52b56360000, 65536, MADV_DONTNEED) = 0
13835 09:54:27.551792 madvise(0x52b56370000, 65536, MADV_DONTNEED) = 0
13835 09:54:27.552237 madvise(0x52b56380000, 65536, MADV_DONTNEED) = 0
13835 09:54:27.552680 madvise(0x52b56390000, 65536, MADV_DONTNEED) = 0
13835 09:54:27.553078 madvise(0x52b563a0000, 65536, MADV_DONTNEED) = 0
13835 09:54:27.553442 madvise(0x52b563b0000, 65536, MADV_DONTNEED) = 0
13835 09:54:27.553909 madvise(0x52b563c0000, 65536, MADV_DONTNEED) = 0
13835 09:54:27.554491 madvise(0x52b563d0000, 65536, MADV_DONTNEED) = 0
13835 09:54:27.554958 madvise(0x52b563f0000, 65536, MADV_DONTNEED) = 0
13835 09:54:27.555404 madvise(0x52b56400000, 3735552, MADV_DONTNEED) = 0
13835 09:54:27.555914 madvise(0x52b567a0000, 131072, MADV_DONTNEED) = 0
13835 09:54:27.556388 madvise(0x52b58710000, 65536, MADV_DONTNEED) = 0
13835 09:54:27.556879 madvise(0x52b58720000, 65536, MADV_DONTNEED) = 0
7     09:54:28.586383 madvise(0x52b4b880000, 524288, MADV_DONTNEED) = 0
7     09:54:28.591929 madvise(0x52b4d400000, 4194304, MADV_DONTNEED) = 0
7     09:54:28.593398 madvise(0x52b50800000, 4194304, MADV_DONTNEED) = 0
7     09:54:28.594011 madvise(0x52b50c00000, 4194304, MADV_DONTNEED) = 0
7     09:54:28.594596 madvise(0x52b51000000, 4194304, MADV_DONTNEED) = 0
7     09:54:28.595207 madvise(0x52b51400000, 4194304, MADV_DONTNEED) = 0
7     09:54:28.595730 madvise(0x52b51800000, 1769472, MADV_DONTNEED) = 0
7     09:54:28.596340 madvise(0x52b54c30000, 65536, MADV_DONTNEED) = 0
7     09:54:28.596901 madvise(0x52b54c40000, 65536, MADV_DONTNEED) = 0
7     09:54:28.597506 madvise(0x52b54c60000, 65536, MADV_DONTNEED) = 0
7     09:54:28.598092 madvise(0x52b54c70000, 65536, MADV_DONTNEED) = 0
7     09:54:28.598696 madvise(0x52b54c80000, 65536, MADV_DONTNEED) = 0
7     09:54:28.599232 madvise(0x52b54c90000, 65536, MADV_DONTNEED) = 0
7     09:54:28.599768 madvise(0x52b54cb0000, 65536, MADV_DONTNEED) = 0
7     09:54:28.600477 madvise(0x52b54cc0000, 65536, MADV_DONTNEED) = 0
7     09:54:28.601158 madvise(0x52b54cd0000, 65536, MADV_DONTNEED) = 0
7     09:54:28.601766 madvise(0x52b54cf0000, 65536, MADV_DONTNEED) = 0
7     09:54:28.602391 madvise(0x52b54d10000, 851968, MADV_DONTNEED) = 0
7     09:54:28.602899 madvise(0x52b54df0000, 65536, MADV_DONTNEED) = 0
7     09:54:28.603426 madvise(0x52b54f80000, 65536, MADV_DONTNEED) = 0
7     09:54:28.603881 madvise(0x52b54f90000, 65536, MADV_DONTNEED) = 0
7     09:54:28.604364 madvise(0x52b54fa0000, 65536, MADV_DONTNEED) = 0
7     09:54:28.604865 madvise(0x52b54fb0000, 65536, MADV_DONTNEED) = 0
7     09:54:28.605318 madvise(0x52b54fc0000, 65536, MADV_DONTNEED) = 0
7     09:54:28.605751 madvise(0x52b54fd0000, 65536, MADV_DONTNEED) = 0
7     09:54:28.606181 madvise(0x52b54fe0000, 65536, MADV_DONTNEED) = 0
7     09:54:28.606628 madvise(0x52b54ff0000, 65536, MADV_DONTNEED) = 0
7     09:54:28.607061 madvise(0x52b55000000, 720896, MADV_DONTNEED) = 0
7     09:54:28.607615 madvise(0x52b55910000, 65536, MADV_DONTNEED) = 0
7     09:54:28.608039 madvise(0x52b55920000, 65536, MADV_DONTNEED) = 0
7     09:54:28.608546 madvise(0x52b55930000, 65536, MADV_DONTNEED) = 0
7     09:54:28.609039 madvise(0x52b55940000, 65536, MADV_DONTNEED) = 0
7     09:54:28.609443 madvise(0x52b55950000, 65536, MADV_DONTNEED) = 0
7     09:54:28.609881 madvise(0x52b55960000, 65536, MADV_DONTNEED) = 0
7     09:54:28.610345 madvise(0x52b55970000, 65536, MADV_DONTNEED) = 0
7     09:54:28.610821 madvise(0x52b55980000, 65536, MADV_DONTNEED) = 0
7     09:54:28.611277 madvise(0x52b55990000, 65536, MADV_DONTNEED) = 0
7     09:54:28.611739 madvise(0x52b559a0000, 65536, MADV_DONTNEED) = 0
7     09:54:28.612226 madvise(0x52b559b0000, 65536, MADV_DONTNEED) = 0
7     09:54:28.612738 madvise(0x52b559c0000, 65536, MADV_DONTNEED) = 0
7     09:54:28.613135 madvise(0x52b559d0000, 65536, MADV_DONTNEED) = 0
7     09:54:28.613597 madvise(0x52b559e0000, 65536, MADV_DONTNEED) = 0
7     09:54:28.613983 madvise(0x52b559f0000, 65536, MADV_DONTNEED) = 0
7     09:54:28.614426 madvise(0x52b55a00000, 65536, MADV_DONTNEED) = 0
7     09:54:28.614909 madvise(0x52b55a10000, 65536, MADV_DONTNEED) = 0
7     09:54:28.615344 madvise(0x52b55a20000, 65536, MADV_DONTNEED) = 0
7     09:54:28.615725 madvise(0x52b55a30000, 65536, MADV_DONTNEED) = 0
7     09:54:28.616162 madvise(0x52b55a40000, 65536, MADV_DONTNEED) = 0
7     09:54:28.616669 madvise(0x52b55a50000, 65536, MADV_DONTNEED) = 0
7     09:54:28.617079 madvise(0x52b55a60000, 65536, MADV_DONTNEED) = 0
7     09:54:28.617523 madvise(0x52b55a70000, 65536, MADV_DONTNEED) = 0
7     09:54:28.617935 madvise(0x52b55a90000, 65536, MADV_DONTNEED) = 0
7     09:54:28.618372 madvise(0x52b55aa0000, 65536, MADV_DONTNEED) = 0
7     09:54:28.618819 madvise(0x52b562c0000, 1310720, MADV_DONTNEED) = 0
7     09:54:28.619285 madvise(0x52b56400000, 65536, MADV_DONTNEED) = 0
7     09:54:28.619736 madvise(0x52b56410000, 65536, MADV_DONTNEED) = 0
7     09:54:28.620128 madvise(0x52b56420000, 65536, MADV_DONTNEED) = 0
7     09:54:28.620551 madvise(0x52b56430000, 65536, MADV_DONTNEED) = 0
7     09:54:28.621035 madvise(0x52b56440000, 65536, MADV_DONTNEED) = 0
7     09:54:28.621479 madvise(0x52b56450000, 65536, MADV_DONTNEED) = 0
7     09:54:28.621922 madvise(0x52b56460000, 65536, MADV_DONTNEED) = 0
7     09:54:28.622353 madvise(0x52b56470000, 65536, MADV_DONTNEED) = 0
7     09:54:28.622784 madvise(0x52b56480000, 65536, MADV_DONTNEED) = 0
7     09:54:28.623164 madvise(0x52b56490000, 65536, MADV_DONTNEED) = 0
7     09:54:28.623573 madvise(0x52b564a0000, 65536, MADV_DONTNEED) = 0
7     09:54:28.623987 madvise(0x52b564b0000, 65536, MADV_DONTNEED) = 0
7     09:54:28.624412 madvise(0x52b564d0000, 65536, MADV_DONTNEED) = 0
7     09:54:28.624892 madvise(0x52b564e0000, 65536, MADV_DONTNEED) = 0
7     09:54:28.625314 madvise(0x52b564f0000, 65536, MADV_DONTNEED) = 0
7     09:54:28.625743 madvise(0x52b56500000, 65536, MADV_DONTNEED) = 0
7     09:54:28.626196 madvise(0x52b56510000, 65536, MADV_DONTNEED) = 0
7     09:54:28.626610 madvise(0x52b56520000, 65536, MADV_DONTNEED) = 0
7     09:54:28.627127 madvise(0x52b56530000, 65536, MADV_DONTNEED) = 0
7     09:54:28.627545 madvise(0x52b56540000, 65536, MADV_DONTNEED) = 0
7     09:54:28.628098 madvise(0x52b56550000, 65536, MADV_DONTNEED) = 0
7     09:54:28.628494 madvise(0x52b56560000, 65536, MADV_DONTNEED) = 0
7     09:54:28.628911 madvise(0x52b56570000, 65536, MADV_DONTNEED) = 0
7     09:54:28.629336 madvise(0x52b56580000, 65536, MADV_DONTNEED) = 0
7     09:54:28.629716 madvise(0x52b56590000, 65536, MADV_DONTNEED) = 0
7     09:54:28.630106 madvise(0x52b565a0000, 65536, MADV_DONTNEED) = 0
7     09:54:28.630537 madvise(0x52b565b0000, 65536, MADV_DONTNEED) = 0
7     09:54:28.631032 madvise(0x52b565c0000, 65536, MADV_DONTNEED) = 0
7     09:54:28.631791 madvise(0x52b565d0000, 65536, MADV_DONTNEED) = 0
7     09:54:28.632519 madvise(0x52b565e0000, 65536, MADV_DONTNEED) = 0
7     09:54:28.632979 madvise(0x52b565f0000, 65536, MADV_DONTNEED) = 0
7     09:54:28.633540 madvise(0x52b56600000, 65536, MADV_DONTNEED) = 0
7     09:54:28.634034 madvise(0x52b56610000, 65536, MADV_DONTNEED) = 0
7     09:54:28.634444 madvise(0x52b56620000, 65536, MADV_DONTNEED) = 0
7     09:54:28.634901 madvise(0x52b56630000, 65536, MADV_DONTNEED) = 0
7     09:54:28.635383 madvise(0x52b56640000, 65536, MADV_DONTNEED) = 0
7     09:54:28.635770 madvise(0x52b56650000, 65536, MADV_DONTNEED) = 0
7     09:54:28.636310 madvise(0x52b56660000, 65536, MADV_DONTNEED) = 0
7     09:54:28.636706 madvise(0x52b56670000, 65536, MADV_DONTNEED) = 0
7     09:54:28.637177 madvise(0x52b56680000, 65536, MADV_DONTNEED) = 0
7     09:54:28.637715 madvise(0x52b56690000, 65536, MADV_DONTNEED) = 0
7     09:54:28.638660 madvise(0x52b566a0000, 65536, MADV_DONTNEED) = 0
7     09:54:28.639028 madvise(0x52b566b0000, 65536, MADV_DONTNEED) = 0
7     09:54:28.639488 madvise(0x52b566c0000, 65536, MADV_DONTNEED) = 0
7     09:54:28.640130 madvise(0x52b566d0000, 65536, MADV_DONTNEED) = 0
7     09:54:28.640516 madvise(0x52b566e0000, 65536, MADV_DONTNEED) = 0
7     09:54:28.641048 madvise(0x52b566f0000, 65536, MADV_DONTNEED) = 0
7     09:54:28.641602 madvise(0x52b56700000, 65536, MADV_DONTNEED) = 0
7     09:54:28.642108 madvise(0x52b56710000, 65536, MADV_DONTNEED) = 0
7     09:54:28.642574 madvise(0x52b56720000, 65536, MADV_DONTNEED) = 0
7     09:54:28.642944 madvise(0x52b56730000, 65536, MADV_DONTNEED) = 0
7     09:54:28.643353 madvise(0x52b56740000, 65536, MADV_DONTNEED) = 0
7     09:54:28.643781 madvise(0x52b56750000, 65536, MADV_DONTNEED) = 0
7     09:54:28.644202 madvise(0x52b56760000, 65536, MADV_DONTNEED) = 0
7     09:54:28.644821 madvise(0x52b56770000, 65536, MADV_DONTNEED) = 0
7     09:54:28.645218 madvise(0x52b56780000, 65536, MADV_DONTNEED) = 0
7     09:54:28.645594 madvise(0x52b56790000, 65536, MADV_DONTNEED) = 0
7     09:54:28.646081 madvise(0x52b567a0000, 65536, MADV_DONTNEED) = 0
7     09:54:28.646593 madvise(0x52b567b0000, 65536, MADV_DONTNEED) = 0
7     09:54:28.647227 madvise(0x52b567c0000, 65536, MADV_DONTNEED) = 0
7     09:54:28.647771 madvise(0x52b567d0000, 65536, MADV_DONTNEED) = 0
7     09:54:28.648341 madvise(0x52b567e0000, 65536, MADV_DONTNEED) = 0
7     09:54:28.648783 madvise(0x52b58310000, 65536, MADV_DONTNEED) = 0
7     09:54:28.649170 madvise(0x52b58320000, 65536, MADV_DONTNEED) = 0
7     09:54:28.649632 madvise(0x52b58330000, 65536, MADV_DONTNEED) = 0
7     09:54:28.650053 madvise(0x52b58340000, 65536, MADV_DONTNEED) = 0
7     09:54:28.650452 madvise(0x52b58350000, 65536, MADV_DONTNEED) = 0
7     09:54:28.650926 madvise(0x52b58360000, 65536, MADV_DONTNEED) = 0
7     09:54:28.651375 madvise(0x52b58370000, 65536, MADV_DONTNEED) = 0
7     09:54:28.651848 madvise(0x52b58380000, 65536, MADV_DONTNEED) = 0
7     09:54:28.652287 madvise(0x52b58390000, 65536, MADV_DONTNEED) = 0
7     09:54:28.652682 madvise(0x52b583a0000, 65536, MADV_DONTNEED) = 0
7     09:54:28.653184 madvise(0x52b583b0000, 65536, MADV_DONTNEED) = 0
7     09:54:28.653553 madvise(0x52b583c0000, 65536, MADV_DONTNEED) = 0
7     09:54:28.654024 madvise(0x52b583d0000, 65536, MADV_DONTNEED) = 0
7     09:54:28.654443 madvise(0x52b583e0000, 65536, MADV_DONTNEED) = 0
7     09:54:28.654853 madvise(0x52b583f0000, 65536, MADV_DONTNEED) = 0
7     09:54:28.655233 madvise(0x52b58400000, 3211264, MADV_DONTNEED) = 0
13835 09:54:29.732154 madvise(0x52b4d400000, 4194304, MADV_DONTNEED) = 0
13835 09:54:29.734087 madvise(0x52b50600000, 1310720, MADV_DONTNEED) = 0
13835 09:54:29.736460 madvise(0x52b50800000, 4194304, MADV_DONTNEED) = 0
13835 09:54:29.739795 madvise(0x52b50c00000, 4194304, MADV_DONTNEED) = 0
13835 09:54:29.740716 madvise(0x52b51000000, 4194304, MADV_DONTNEED) = 0
13835 09:54:29.741687 madvise(0x52b51400000, 4194304, MADV_DONTNEED) = 0
13835 09:54:29.742353 madvise(0x52b51800000, 4128768, MADV_DONTNEED) = 0
13835 09:54:29.742910 madvise(0x52b54c80000, 65536, MADV_DONTNEED) = 0
13835 09:54:29.743347 madvise(0x52b54ca0000, 65536, MADV_DONTNEED) = 0
13835 09:54:29.743802 madvise(0x52b54cb0000, 65536, MADV_DONTNEED) = 0
13835 09:54:29.744336 madvise(0x52b54cc0000, 65536, MADV_DONTNEED) = 0
13835 09:54:29.744832 madvise(0x52b54cd0000, 65536, MADV_DONTNEED) = 0
13835 09:54:29.745334 madvise(0x52b54d20000, 65536, MADV_DONTNEED) = 0
13835 09:54:29.745761 madvise(0x52b54d30000, 65536, MADV_DONTNEED) = 0
13835 09:54:29.746128 madvise(0x52b54d40000, 65536, MADV_DONTNEED) = 0
13835 09:54:29.746657 madvise(0x52b54d50000, 65536, MADV_DONTNEED) = 0
13835 09:54:29.747257 madvise(0x52b54d60000, 65536, MADV_DONTNEED) = 0
13835 09:54:29.747615 madvise(0x52b54d70000, 65536, MADV_DONTNEED) = 0
13835 09:54:29.748076 madvise(0x52b54d80000, 65536, MADV_DONTNEED) = 0
13835 09:54:29.748538 madvise(0x52b54d90000, 65536, MADV_DONTNEED) = 0
13835 09:54:29.748991 madvise(0x52b54da0000, 65536, MADV_DONTNEED) = 0
13835 09:54:29.749369 madvise(0x52b54db0000, 65536, MADV_DONTNEED) = 0
13835 09:54:29.750475 madvise(0x52b54dc0000, 65536, MADV_DONTNEED) = 0
13835 09:54:29.750944 madvise(0x52b54dd0000, 65536, MADV_DONTNEED) = 0
13835 09:54:29.751343 madvise(0x52b54df0000, 65536, MADV_DONTNEED) = 0
13835 09:54:29.751741 madvise(0x52b55080000, 65536, MADV_DONTNEED) = 0
13835 09:54:29.752130 madvise(0x52b55090000, 65536, MADV_DONTNEED) = 0
13835 09:54:29.752553 madvise(0x52b550a0000, 65536, MADV_DONTNEED) = 0
13835 09:54:29.753041 madvise(0x52b55910000, 65536, MADV_DONTNEED) = 0
13835 09:54:29.753429 madvise(0x52b55920000, 65536, MADV_DONTNEED) = 0
13835 09:54:29.753870 madvise(0x52b55930000, 65536, MADV_DONTNEED) = 0
13835 09:54:29.754293 madvise(0x52b55940000, 65536, MADV_DONTNEED) = 0
13835 09:54:29.754665 madvise(0x52b55950000, 65536, MADV_DONTNEED) = 0
13835 09:54:29.755166 madvise(0x52b55960000, 65536, MADV_DONTNEED) = 0
13835 09:54:29.755620 madvise(0x52b55970000, 65536, MADV_DONTNEED) = 0
13835 09:54:29.756046 madvise(0x52b55a00000, 65536, MADV_DONTNEED) = 0
13835 09:54:29.756530 madvise(0x52b55a10000, 65536, MADV_DONTNEED) = 0
13835 09:54:29.756975 madvise(0x52b55a20000, 65536, MADV_DONTNEED) = 0
13835 09:54:29.757347 madvise(0x52b55a30000, 65536, MADV_DONTNEED) = 0
13835 09:54:29.757837 madvise(0x52b55a40000, 65536, MADV_DONTNEED) = 0
13835 09:54:29.758249 madvise(0x52b55a50000, 65536, MADV_DONTNEED) = 0
13835 09:54:29.758619 madvise(0x52b55a60000, 65536, MADV_DONTNEED) = 0
13835 09:54:29.759034 madvise(0x52b55a70000, 65536, MADV_DONTNEED) = 0
13835 09:54:29.759480 madvise(0x52b55a90000, 131072, MADV_DONTNEED) = 0
13835 09:54:29.759890 madvise(0x52b566c0000, 65536, MADV_DONTNEED) = 0
13835 09:54:29.760418 madvise(0x52b566d0000, 65536, MADV_DONTNEED) = 0
13835 09:54:29.760938 madvise(0x52b566e0000, 65536, MADV_DONTNEED) = 0
13835 09:54:29.761439 madvise(0x52b566f0000, 65536, MADV_DONTNEED) = 0
13835 09:54:29.761917 madvise(0x52b56700000, 65536, MADV_DONTNEED) = 0
13835 09:54:29.762388 madvise(0x52b56710000, 65536, MADV_DONTNEED) = 0
13835 09:54:29.762810 madvise(0x52b56720000, 65536, MADV_DONTNEED) = 0
13835 09:54:29.763289 madvise(0x52b56730000, 65536, MADV_DONTNEED) = 0
13835 09:54:29.764173 madvise(0x52b56740000, 65536, MADV_DONTNEED) = 0
13835 09:54:29.765136 madvise(0x52b56750000, 65536, MADV_DONTNEED) = 0
13835 09:54:29.765542 madvise(0x52b58310000, 983040, MADV_DONTNEED) = 0
13835 09:54:29.766092 madvise(0x52b58400000, 3276800, MADV_DONTNEED) = 0
7     09:54:29.925912 mmap(NULL, 8192, PROT_READ|PROT_WRITE, MAP_PRIVATE|MAP_ANONYMOUS, -1, 0) = 0x7fcce3a0d000
7     09:54:29.938422 munmap(0x7fcce3a0d000, 8192) = 0
7     09:54:30.787014 mmap(NULL, 8192, PROT_READ|PROT_WRITE, MAP_PRIVATE|MAP_ANONYMOUS, -1, 0) = 0x7fcce3a0d000
7     09:54:30.793747 munmap(0x7fcce3a0d000, 8192) = 0
7     09:54:30.794704 mmap(NULL, 4096, PROT_READ|PROT_WRITE, MAP_PRIVATE|MAP_ANONYMOUS, -1, 0) = 0x7fcce3a0e000
7     09:54:30.795330 mmap(NULL, 4096, PROT_READ|PROT_WRITE, MAP_PRIVATE|MAP_ANONYMOUS, -1, 0) = 0x7fcce3a0d000
7     09:54:30.796002 munmap(0x7fcce3a0d000, 4096) = 0
7     09:54:30.796496 munmap(0x7fcce3a0e000, 4096) = 0
7     09:54:30.797030 mmap(NULL, 4096, PROT_READ|PROT_WRITE, MAP_PRIVATE|MAP_ANONYMOUS, -1, 0) = 0x7fcce3a0e000
7     09:54:30.797761 mmap(NULL, 4096, PROT_READ|PROT_WRITE, MAP_PRIVATE|MAP_ANONYMOUS, -1, 0) = 0x7fcce3a0d000
7     09:54:30.798355 mmap(NULL, 4096, PROT_READ|PROT_WRITE, MAP_PRIVATE|MAP_ANONYMOUS, -1, 0) = 0x7fcce3a0b000
7     09:54:30.798847 mmap(NULL, 8192, PROT_READ|PROT_WRITE, MAP_PRIVATE|MAP_ANONYMOUS, -1, 0) = 0x7fcce3a09000
7     09:54:30.799290 munmap(0x7fcce3a09000, 8192) = 0
7     09:54:30.799838 munmap(0x7fcce3a0b000, 4096) = 0
7     09:54:30.800340 munmap(0x7fcce3a0d000, 4096) = 0
7     09:54:30.800745 munmap(0x7fcce3a0e000, 4096) = 0
7     09:54:30.801287 mmap(NULL, 4096, PROT_READ|PROT_WRITE, MAP_PRIVATE|MAP_ANONYMOUS, -1, 0) = 0x7fcce3a0e000
7     09:54:30.801768 mmap(NULL, 4096, PROT_READ|PROT_WRITE, MAP_PRIVATE|MAP_ANONYMOUS, -1, 0) = 0x7fcce3a0d000
7     09:54:30.802155 munmap(0x7fcce3a0d000, 4096) = 0
7     09:54:30.802588 munmap(0x7fcce3a0e000, 4096) = 0
7     09:54:30.803108 madvise(0x52b4b500000, 524288, MADV_DONTNEED) = 0
7     09:54:30.803688 madvise(0x52b4e890000, 65536, MADV_DONTNEED) = 0
7     09:54:30.804141 madvise(0x52b4e8a0000, 65536, MADV_DONTNEED) = 0
7     09:54:30.804576 madvise(0x52b4e8b0000, 65536, MADV_DONTNEED) = 0
7     09:54:30.805144 madvise(0x52b4e8c0000, 65536, MADV_DONTNEED) = 0
7     09:54:30.805548 madvise(0x52b4e8d0000, 65536, MADV_DONTNEED) = 0
7     09:54:30.805961 madvise(0x52b4e8e0000, 65536, MADV_DONTNEED) = 0
7     09:54:30.806364 madvise(0x52b4e8f0000, 65536, MADV_DONTNEED) = 0
7     09:54:30.806949 madvise(0x52b4efa0000, 393216, MADV_DONTNEED) = 0
7     09:54:30.807338 madvise(0x52b4fb00000, 524288, MADV_DONTNEED) = 0
7     09:54:30.807740 madvise(0x52b50780000, 524288, MADV_DONTNEED) = 0
7     09:54:30.808261 madvise(0x52b50800000, 4194304, MADV_DONTNEED) = 0
7     09:54:30.808805 madvise(0x52b50c00000, 4194304, MADV_DONTNEED) = 0
7     09:54:30.809240 madvise(0x52b51000000, 4194304, MADV_DONTNEED) = 0
7     09:54:30.809726 madvise(0x52b51400000, 4194304, MADV_DONTNEED) = 0
7     09:54:30.810234 madvise(0x52b51800000, 2883584, MADV_DONTNEED) = 0
7     09:54:30.810684 madvise(0x52b54c40000, 65536, MADV_DONTNEED) = 0
7     09:54:30.811199 madvise(0x52b54c50000, 65536, MADV_DONTNEED) = 0
7     09:54:30.811633 madvise(0x52b54c60000, 65536, MADV_DONTNEED) = 0
7     09:54:30.812090 madvise(0x52b54c70000, 65536, MADV_DONTNEED) = 0
7     09:54:30.812472 madvise(0x52b54c80000, 65536, MADV_DONTNEED) = 0
7     09:54:30.812865 madvise(0x52b54c90000, 65536, MADV_DONTNEED) = 0
7     09:54:30.813265 madvise(0x52b54cb0000, 65536, MADV_DONTNEED) = 0
7     09:54:30.813729 madvise(0x52b54cc0000, 65536, MADV_DONTNEED) = 0
7     09:54:30.814103 madvise(0x52b54cd0000, 65536, MADV_DONTNEED) = 0
7     09:54:30.814483 madvise(0x52b54cf0000, 65536, MADV_DONTNEED) = 0
7     09:54:30.814930 madvise(0x52b54d10000, 851968, MADV_DONTNEED) = 0
7     09:54:30.815336 madvise(0x52b54df0000, 65536, MADV_DONTNEED) = 0
7     09:54:30.815734 madvise(0x52b54f80000, 524288, MADV_DONTNEED) = 0
7     09:54:30.816282 madvise(0x52b55000000, 720896, MADV_DONTNEED) = 0
7     09:54:30.816756 madvise(0x52b55910000, 983040, MADV_DONTNEED) = 0
7     09:54:30.817189 madvise(0x52b55a90000, 131072, MADV_DONTNEED) = 0
7     09:54:30.817665 madvise(0x52b562c0000, 1310720, MADV_DONTNEED) = 0
7     09:54:30.818178 madvise(0x52b56400000, 65536, MADV_DONTNEED) = 0
7     09:54:30.818582 madvise(0x52b56410000, 65536, MADV_DONTNEED) = 0
7     09:54:30.819065 madvise(0x52b56420000, 65536, MADV_DONTNEED) = 0
7     09:54:30.819443 madvise(0x52b56430000, 65536, MADV_DONTNEED) = 0
7     09:54:30.819962 madvise(0x52b56440000, 65536, MADV_DONTNEED) = 0
7     09:54:30.820467 madvise(0x52b56450000, 65536, MADV_DONTNEED) = 0
7     09:54:30.820871 madvise(0x52b56460000, 65536, MADV_DONTNEED) = 0
7     09:54:30.821340 madvise(0x52b56470000, 65536, MADV_DONTNEED) = 0
7     09:54:30.821742 madvise(0x52b56480000, 65536, MADV_DONTNEED) = 0
7     09:54:30.822199 madvise(0x52b56490000, 65536, MADV_DONTNEED) = 0
7     09:54:30.822671 madvise(0x52b564a0000, 65536, MADV_DONTNEED) = 0
7     09:54:30.823130 madvise(0x52b564b0000, 65536, MADV_DONTNEED) = 0
7     09:54:30.823571 madvise(0x52b564c0000, 65536, MADV_DONTNEED) = 0
7     09:54:30.824053 madvise(0x52b564d0000, 65536, MADV_DONTNEED) = 0
7     09:54:30.824493 madvise(0x52b564e0000, 65536, MADV_DONTNEED) = 0
7     09:54:30.824925 madvise(0x52b564f0000, 65536, MADV_DONTNEED) = 0
7     09:54:30.825384 madvise(0x52b56500000, 65536, MADV_DONTNEED) = 0
7     09:54:30.825759 madvise(0x52b56510000, 65536, MADV_DONTNEED) = 0
7     09:54:30.826176 madvise(0x52b56520000, 65536, MADV_DONTNEED) = 0
7     09:54:30.826632 madvise(0x52b56530000, 65536, MADV_DONTNEED) = 0
7     09:54:30.827261 madvise(0x52b56540000, 65536, MADV_DONTNEED) = 0
7     09:54:30.827723 madvise(0x52b56550000, 65536, MADV_DONTNEED) = 0
7     09:54:30.828152 madvise(0x52b56560000, 65536, MADV_DONTNEED) = 0
7     09:54:30.828537 madvise(0x52b56570000, 65536, MADV_DONTNEED) = 0
7     09:54:30.828969 madvise(0x52b56580000, 65536, MADV_DONTNEED) = 0
7     09:54:30.829479 madvise(0x52b565a0000, 65536, MADV_DONTNEED) = 0
7     09:54:30.829905 madvise(0x52b565b0000, 65536, MADV_DONTNEED) = 0
7     09:54:30.830317 madvise(0x52b565c0000, 65536, MADV_DONTNEED) = 0
7     09:54:30.830708 madvise(0x52b565d0000, 65536, MADV_DONTNEED) = 0
7     09:54:30.831150 madvise(0x52b565e0000, 65536, MADV_DONTNEED) = 0
7     09:54:30.831540 madvise(0x52b565f0000, 65536, MADV_DONTNEED) = 0
7     09:54:30.831901 madvise(0x52b56600000, 65536, MADV_DONTNEED) = 0
7     09:54:30.832334 madvise(0x52b56610000, 65536, MADV_DONTNEED) = 0
7     09:54:30.832707 madvise(0x52b56620000, 65536, MADV_DONTNEED) = 0
7     09:54:30.833079 madvise(0x52b56630000, 65536, MADV_DONTNEED) = 0
7     09:54:30.833439 madvise(0x52b56640000, 65536, MADV_DONTNEED) = 0
7     09:54:30.833806 madvise(0x52b56650000, 65536, MADV_DONTNEED) = 0
7     09:54:30.834179 madvise(0x52b56660000, 65536, MADV_DONTNEED) = 0
7     09:54:30.834712 madvise(0x52b56670000, 65536, MADV_DONTNEED) = 0
7     09:54:30.835282 madvise(0x52b56680000, 65536, MADV_DONTNEED) = 0
7     09:54:30.835797 madvise(0x52b56690000, 65536, MADV_DONTNEED) = 0
7     09:54:30.836370 madvise(0x52b566a0000, 65536, MADV_DONTNEED) = 0
7     09:54:30.836769 madvise(0x52b566b0000, 65536, MADV_DONTNEED) = 0
7     09:54:30.837235 madvise(0x52b56760000, 65536, MADV_DONTNEED) = 0
13835 09:54:41.681277 munmap(0x7fcce21b8000, 2109440) = 0
13835 09:54:41.713964 munmap(0x7fcce3a0f000, 12288) = 0
13835 09:54:41.735927 madvise(0x52b4b030000, 65536, MADV_DONTNEED) = 0
13835 09:54:41.746925 madvise(0x52b4b060000, 131072, MADV_DONTNEED) = 0
13835 09:54:41.749029 madvise(0x52b4b180000, 131072, MADV_DONTNEED) = 0
13835 09:54:41.750787 madvise(0x52b4b410000, 65536, MADV_DONTNEED) = 0
13835 09:54:41.752852 madvise(0x52b4b4d0000, 1048576, MADV_DONTNEED) = 0
13835 09:54:41.754898 madvise(0x52b4b620000, 196608, MADV_DONTNEED) = 0
13835 09:54:41.756823 madvise(0x52b4b6e0000, 196608, MADV_DONTNEED) = 0
13835 09:54:41.758640 madvise(0x52b4b730000, 65536, MADV_DONTNEED) = 0
13835 09:54:41.760482 madvise(0x52b4b760000, 655360, MADV_DONTNEED) = 0
13835 09:54:41.761850 madvise(0x52b4b800000, 65536, MADV_DONTNEED) = 0
13835 09:54:41.763564 madvise(0x52b4b810000, 65536, MADV_DONTNEED) = 0
13835 09:54:41.765327 madvise(0x52b4b820000, 65536, MADV_DONTNEED) = 0
13835 09:54:41.766864 madvise(0x52b4b840000, 65536, MADV_DONTNEED) = 0
13835 09:54:41.768477 madvise(0x52b4b850000, 65536, MADV_DONTNEED) = 0
13835 09:54:41.770221 madvise(0x52b4b860000, 65536, MADV_DONTNEED) = 0
13835 09:54:41.772297 madvise(0x52b4b870000, 65536, MADV_DONTNEED) = 0
13835 09:54:41.777925 madvise(0x52b4b880000, 65536, MADV_DONTNEED) = 0
13835 09:54:41.787614 madvise(0x52b4b890000, 65536, MADV_DONTNEED) = 0
13835 09:54:41.817427 madvise(0x52b4b8a0000, 65536, MADV_DONTNEED) = 0
13835 09:54:41.819244 madvise(0x52b4b8b0000, 65536, MADV_DONTNEED) = 0
13835 09:54:41.820961 madvise(0x52b4b8c0000, 65536, MADV_DONTNEED) = 0
13835 09:54:41.822450 madvise(0x52b4b8d0000, 65536, MADV_DONTNEED) = 0
13835 09:54:41.823392 madvise(0x52b4b8e0000, 65536, MADV_DONTNEED) = 0
13835 09:54:41.833814 madvise(0x52b4b8f0000, 65536, MADV_DONTNEED) = 0
13835 09:54:41.856237 madvise(0x52b4b900000, 65536, MADV_DONTNEED) = 0
13835 09:54:41.866272 madvise(0x52b4b910000, 65536, MADV_DONTNEED) = 0
13835 09:54:41.884257 madvise(0x52b4b920000, 65536, MADV_DONTNEED) = 0
13835 09:54:41.893985 madvise(0x52b4b930000, 65536, MADV_DONTNEED) = 0
13835 09:54:41.904437 madvise(0x52b4b940000, 65536, MADV_DONTNEED) = 0
13835 09:54:41.913563 madvise(0x52b4b950000, 65536, MADV_DONTNEED) = 0
13835 09:54:41.916942 madvise(0x52b4b960000, 65536, MADV_DONTNEED) = 0
13835 09:54:41.919613 madvise(0x52b4b970000, 65536, MADV_DONTNEED) = 0
13835 09:54:41.923103 madvise(0x52b4b990000, 65536, MADV_DONTNEED) = 0
13835 09:54:41.925183 madvise(0x52b4b9a0000, 65536, MADV_DONTNEED) = 0
13835 09:54:41.927719 madvise(0x52b4b9b0000, 65536, MADV_DONTNEED) = 0
13835 09:54:41.929560 madvise(0x52b4b9c0000, 65536, MADV_DONTNEED) = 0
13835 09:54:41.931626 madvise(0x52b4b9d0000, 65536, MADV_DONTNEED) = 0
13835 09:54:41.933617 madvise(0x52b4b9e0000, 65536, MADV_DONTNEED) = 0
13835 09:54:41.935175 madvise(0x52b4b9f0000, 65536, MADV_DONTNEED) = 0
13835 09:54:41.936871 madvise(0x52b4ba00000, 65536, MADV_DONTNEED) = 0
13835 09:54:41.940805 madvise(0x52b4ba10000, 65536, MADV_DONTNEED) = 0
13835 09:54:41.964853 madvise(0x52b4ba20000, 65536, MADV_DONTNEED) = 0
13835 09:54:41.996971 madvise(0x52b4ba30000, 65536, MADV_DONTNEED) = 0
13835 09:54:42.008249 madvise(0x52b4ba40000, 65536, MADV_DONTNEED) = 0
13835 09:54:42.024045 madvise(0x52b4ba50000, 65536, MADV_DONTNEED) = 0
13835 09:54:42.025669 madvise(0x52b4ba60000, 65536, MADV_DONTNEED) = 0
13835 09:54:42.027143 madvise(0x52b4ba70000, 65536, MADV_DONTNEED) = 0
13835 09:54:42.028493 madvise(0x52b4ba80000, 65536, MADV_DONTNEED) = 0
13835 09:54:42.030710 madvise(0x52b4ba90000, 65536, MADV_DONTNEED) = 0
13835 09:54:42.031302 madvise(0x52b4baa0000, 65536, MADV_DONTNEED) = 0
13835 09:54:42.031814 madvise(0x52b4bab0000, 65536, MADV_DONTNEED) = 0
13835 09:54:42.032290 madvise(0x52b4bac0000, 65536, MADV_DONTNEED) = 0
13835 09:54:42.032832 madvise(0x52b4bad0000, 65536, MADV_DONTNEED) = 0
13835 09:54:42.033258 madvise(0x52b4bae0000, 65536, MADV_DONTNEED) = 0
13835 09:54:42.033822 madvise(0x52b4baf0000, 65536, MADV_DONTNEED) = 0
13835 09:54:42.034264 madvise(0x52b4bb00000, 65536, MADV_DONTNEED) = 0
13835 09:54:42.034764 madvise(0x52b4bb10000, 65536, MADV_DONTNEED) = 0
13835 09:54:42.035205 madvise(0x52b4bb20000, 65536, MADV_DONTNEED) = 0
13835 09:54:42.035653 madvise(0x52b4bb30000, 65536, MADV_DONTNEED) = 0
13835 09:54:42.036158 madvise(0x52b4bb40000, 65536, MADV_DONTNEED) = 0
13835 09:54:42.036678 madvise(0x52b4bb50000, 65536, MADV_DONTNEED) = 0
13835 09:54:42.037794 madvise(0x52b4bb60000, 65536, MADV_DONTNEED) = 0
13835 09:54:42.041473 madvise(0x52b4bb70000, 65536, MADV_DONTNEED) = 0
13835 09:54:42.050971 madvise(0x52b4bb80000, 65536, MADV_DONTNEED) = 0
13835 09:54:42.057176 madvise(0x52b4bb90000, 65536, MADV_DONTNEED) = 0
13835 09:54:42.069422 madvise(0x52b4bba0000, 65536, MADV_DONTNEED) = 0
13835 09:54:42.072246 madvise(0x52b4bbb0000, 65536, MADV_DONTNEED) = 0
13835 09:54:42.075233 madvise(0x52b4bbc0000, 65536, MADV_DONTNEED) = 0
13835 09:54:42.079336 madvise(0x52b4bbd0000, 65536, MADV_DONTNEED) = 0
13835 09:54:42.085979 madvise(0x52b4bbe0000, 65536, MADV_DONTNEED) = 0
13835 09:54:42.087609 madvise(0x52b4bbf0000, 65536, MADV_DONTNEED) = 0
13835 09:54:42.088059 madvise(0x52b4bc00000, 4194304, MADV_DONTNEED) = 0
13835 09:54:42.088595 madvise(0x52b4c000000, 4194304, MADV_DONTNEED) = 0
13835 09:54:42.089169 madvise(0x52b4c400000, 2293760, MADV_DONTNEED) = 0
13835 09:54:42.089618 madvise(0x52b4e8b0000, 65536, MADV_DONTNEED) = 0
13835 09:54:42.090058 madvise(0x52b4e8d0000, 65536, MADV_DONTNEED) = 0
13835 09:54:42.090478 madvise(0x52b4e8e0000, 65536, MADV_DONTNEED) = 0
13835 09:54:42.090986 madvise(0x52b4e9e0000, 65536, MADV_DONTNEED) = 0
13835 09:54:42.091423 madvise(0x52b4efa0000, 393216, MADV_DONTNEED) = 0
13835 09:54:42.091851 madvise(0x52b4f2a0000, 524288, MADV_DONTNEED) = 0
13835 09:54:42.092424 madvise(0x52b4f720000, 65536, MADV_DONTNEED) = 0
13835 09:54:42.092826 madvise(0x52b4f730000, 65536, MADV_DONTNEED) = 0
13835 09:54:42.093180 madvise(0x52b4f740000, 65536, MADV_DONTNEED) = 0
13835 09:54:42.093578 madvise(0x52b4f750000, 65536, MADV_DONTNEED) = 0
13835 09:54:42.094108 madvise(0x52b4f760000, 65536, MADV_DONTNEED) = 0
13835 09:54:42.094580 madvise(0x52b4f770000, 65536, MADV_DONTNEED) = 0
13835 09:54:42.094989 madvise(0x52b4fc80000, 65536, MADV_DONTNEED) = 0
13835 09:54:42.095401 madvise(0x52b4fc90000, 65536, MADV_DONTNEED) = 0
13835 09:54:42.095903 madvise(0x52b4fca0000, 65536, MADV_DONTNEED) = 0
13835 09:54:42.096366 madvise(0x52b4fcb0000, 65536, MADV_DONTNEED) = 0
13835 09:54:42.096779 madvise(0x52b4fcc0000, 65536, MADV_DONTNEED) = 0
13835 09:54:42.097207 madvise(0x52b4fce0000, 65536, MADV_DONTNEED) = 0
13835 09:54:42.097614 madvise(0x52b4fcf0000, 65536, MADV_DONTNEED) = 0
13835 09:54:42.097973 madvise(0x52b50800000, 4194304, MADV_DONTNEED) = 0
13835 09:54:42.098416 madvise(0x52b50c00000, 4194304, MADV_DONTNEED) = 0
13835 09:54:42.098798 madvise(0x52b51000000, 65536, MADV_DONTNEED) = 0
13835 09:54:42.099197 madvise(0x52b51010000, 65536, MADV_DONTNEED) = 0
13835 09:54:42.099694 madvise(0x52b51020000, 65536, MADV_DONTNEED) = 0
13835 09:54:42.100156 madvise(0x52b51030000, 65536, MADV_DONTNEED) = 0
13835 09:54:42.100607 madvise(0x52b51040000, 65536, MADV_DONTNEED) = 0
13835 09:54:42.100997 madvise(0x52b51050000, 65536, MADV_DONTNEED) = 0
13835 09:54:42.101483 madvise(0x52b51060000, 65536, MADV_DONTNEED) = 0
13835 09:54:42.101918 madvise(0x52b51070000, 65536, MADV_DONTNEED) = 0
13835 09:54:42.102283 madvise(0x52b51080000, 65536, MADV_DONTNEED) = 0
13835 09:54:42.102727 madvise(0x52b51090000, 65536, MADV_DONTNEED) = 0
13835 09:54:42.103117 madvise(0x52b510a0000, 65536, MADV_DONTNEED) = 0
13835 09:54:42.104197 madvise(0x52b510b0000, 65536, MADV_DONTNEED) = 0
13835 09:54:42.106149 madvise(0x52b510c0000, 65536, MADV_DONTNEED) = 0
13835 09:54:42.107828 madvise(0x52b510d0000, 65536, MADV_DONTNEED) = 0
13835 09:54:42.109758 madvise(0x52b510e0000, 65536, MADV_DONTNEED) = 0
13835 09:54:42.111532 madvise(0x52b510f0000, 65536, MADV_DONTNEED) = 0
13835 09:54:42.113348 madvise(0x52b51100000, 65536, MADV_DONTNEED) = 0
13835 09:54:42.115552 madvise(0x52b51110000, 65536, MADV_DONTNEED) = 0
13835 09:54:42.132537 madvise(0x52b51120000, 65536, MADV_DONTNEED) = 0
13835 09:54:42.134556 madvise(0x52b51130000, 65536, MADV_DONTNEED) = 0
13835 09:54:42.136682 madvise(0x52b51140000, 65536, MADV_DONTNEED) = 0
13835 09:54:42.139064 madvise(0x52b51150000, 65536, MADV_DONTNEED) = 0
13835 09:54:42.141182 madvise(0x52b51160000, 65536, MADV_DONTNEED) = 0
13835 09:54:42.143309 madvise(0x52b51170000, 65536, MADV_DONTNEED) = 0
13835 09:54:42.145261 madvise(0x52b51180000, 65536, MADV_DONTNEED) = 0
13835 09:54:42.148237 madvise(0x52b51190000, 65536, MADV_DONTNEED) = 0
13835 09:54:42.150125 madvise(0x52b511a0000, 65536, MADV_DONTNEED) = 0
13835 09:54:42.151841 madvise(0x52b511b0000, 65536, MADV_DONTNEED) = 0
13835 09:54:42.153815 madvise(0x52b511c0000, 65536, MADV_DONTNEED) = 0
13835 09:54:42.157699 madvise(0x52b511d0000, 65536, MADV_DONTNEED) = 0
13835 09:54:42.160344 madvise(0x52b511e0000, 65536, MADV_DONTNEED) = 0
13835 09:54:42.168203 madvise(0x52b511f0000, 65536, MADV_DONTNEED) = 0
13835 09:54:42.171984 madvise(0x52b51200000, 65536, MADV_DONTNEED) = 0
13835 09:54:42.173929 madvise(0x52b51210000, 65536, MADV_DONTNEED) = 0
13835 09:54:42.176172 madvise(0x52b51220000, 65536, MADV_DONTNEED) = 0
13835 09:54:42.178331 madvise(0x52b51230000, 65536, MADV_DONTNEED) = 0
13835 09:54:42.180328 madvise(0x52b51240000, 65536, MADV_DONTNEED) = 0
13835 09:54:42.182066 madvise(0x52b51250000, 65536, MADV_DONTNEED) = 0
13835 09:54:42.183853 madvise(0x52b51a60000, 65536, MADV_DONTNEED) = 0
13835 09:54:42.185965 madvise(0x52b51a70000, 65536, MADV_DONTNEED) = 0
13835 09:54:42.187742 madvise(0x52b51a80000, 65536, MADV_DONTNEED) = 0
13835 09:54:42.189625 madvise(0x52b51a90000, 65536, MADV_DONTNEED) = 0
13835 09:54:42.191459 madvise(0x52b51aa0000, 65536, MADV_DONTNEED) = 0
13835 09:54:42.193603 madvise(0x52b51ab0000, 65536, MADV_DONTNEED) = 0
13835 09:54:42.194780 madvise(0x52b51ac0000, 65536, MADV_DONTNEED) = 0
13835 09:54:42.195394 madvise(0x52b51ad0000, 65536, MADV_DONTNEED) = 0
13835 09:54:42.195819 madvise(0x52b51ae0000, 65536, MADV_DONTNEED) = 0
13835 09:54:42.196420 madvise(0x52b51af0000, 65536, MADV_DONTNEED) = 0
13835 09:54:42.196821 madvise(0x52b51b00000, 65536, MADV_DONTNEED) = 0
13835 09:54:42.197275 madvise(0x52b51b10000, 65536, MADV_DONTNEED) = 0
13835 09:54:42.197633 madvise(0x52b51b20000, 65536, MADV_DONTNEED) = 0
13835 09:54:42.198027 madvise(0x52b51b30000, 65536, MADV_DONTNEED) = 0
13835 09:54:42.198391 madvise(0x52b51b40000, 65536, MADV_DONTNEED) = 0
13835 09:54:42.198804 madvise(0x52b51b50000, 65536, MADV_DONTNEED) = 0
13835 09:54:42.199170 madvise(0x52b51b60000, 65536, MADV_DONTNEED) = 0
13835 09:54:42.199626 madvise(0x52b51b70000, 65536, MADV_DONTNEED) = 0
13835 09:54:42.200154 madvise(0x52b51b80000, 65536, MADV_DONTNEED) = 0
13835 09:54:42.200587 madvise(0x52b51b90000, 65536, MADV_DONTNEED) = 0
13835 09:54:42.201043 madvise(0x52b51ba0000, 65536, MADV_DONTNEED) = 0
13835 09:54:42.201468 madvise(0x52b51bb0000, 65536, MADV_DONTNEED) = 0
13835 09:54:42.201930 madvise(0x52b51bc0000, 65536, MADV_DONTNEED) = 0
13835 09:54:42.202377 madvise(0x52b51bd0000, 65536, MADV_DONTNEED) = 0
13835 09:54:42.202801 madvise(0x52b51be0000, 65536, MADV_DONTNEED) = 0
13835 09:54:42.203242 madvise(0x52b51bf0000, 65536, MADV_DONTNEED) = 0
13835 09:54:42.203676 madvise(0x52b51c00000, 3604480, MADV_DONTNEED) = 0
13835 09:54:42.204218 madvise(0x52b52370000, 589824, MADV_DONTNEED) = 0
13835 09:54:42.204623 madvise(0x52b52400000, 3407872, MADV_DONTNEED) = 0
13835 09:54:42.205064 madvise(0x52b52780000, 524288, MADV_DONTNEED) = 0
13835 09:54:42.205527 madvise(0x52b52800000, 4194304, MADV_DONTNEED) = 0
13835 09:54:42.206007 madvise(0x52b52c00000, 4194304, MADV_DONTNEED) = 0
13835 09:54:42.206420 madvise(0x52b53000000, 4194304, MADV_DONTNEED) = 0
13835 09:54:42.206827 madvise(0x52b53400000, 65536, MADV_DONTNEED) = 0
13835 09:54:42.207209 madvise(0x52b53410000, 65536, MADV_DONTNEED) = 0
13835 09:54:42.207664 madvise(0x52b53420000, 65536, MADV_DONTNEED) = 0
13835 09:54:42.208071 madvise(0x52b53430000, 65536, MADV_DONTNEED) = 0
13835 09:54:42.208560 madvise(0x52b53440000, 65536, MADV_DONTNEED) = 0
13835 09:54:42.209040 madvise(0x52b53450000, 65536, MADV_DONTNEED) = 0
13835 09:54:42.209452 madvise(0x52b53460000, 65536, MADV_DONTNEED) = 0
13835 09:54:42.209826 madvise(0x52b53470000, 65536, MADV_DONTNEED) = 0
13835 09:54:42.210196 madvise(0x52b53480000, 65536, MADV_DONTNEED) = 0
13835 09:54:42.210645 madvise(0x52b53490000, 65536, MADV_DONTNEED) = 0
13835 09:54:42.211006 madvise(0x52b534a0000, 65536, MADV_DONTNEED) = 0
13835 09:54:42.211397 madvise(0x52b534b0000, 65536, MADV_DONTNEED) = 0
13835 09:54:42.211994 madvise(0x52b534c0000, 65536, MADV_DONTNEED) = 0
13835 09:54:42.212422 madvise(0x52b534d0000, 65536, MADV_DONTNEED) = 0
13835 09:54:42.213066 madvise(0x52b534e0000, 65536, MADV_DONTNEED) = 0
13835 09:54:42.213501 madvise(0x52b534f0000, 65536, MADV_DONTNEED) = 0
13835 09:54:42.213952 madvise(0x52b53500000, 65536, MADV_DONTNEED) = 0
13835 09:54:42.214352 madvise(0x52b53510000, 65536, MADV_DONTNEED) = 0
13835 09:54:42.214799 madvise(0x52b53520000, 65536, MADV_DONTNEED) = 0
13835 09:54:42.215205 madvise(0x52b53530000, 65536, MADV_DONTNEED) = 0
13835 09:54:42.215598 madvise(0x52b53540000, 65536, MADV_DONTNEED) = 0
13835 09:54:42.216097 madvise(0x52b53550000, 65536, MADV_DONTNEED) = 0
13835 09:54:42.216536 madvise(0x52b53560000, 65536, MADV_DONTNEED) = 0
13835 09:54:42.217091 madvise(0x52b53570000, 65536, MADV_DONTNEED) = 0
13835 09:54:42.217479 madvise(0x52b53580000, 65536, MADV_DONTNEED) = 0
13835 09:54:42.218012 madvise(0x52b53590000, 65536, MADV_DONTNEED) = 0
13835 09:54:42.218417 madvise(0x52b535a0000, 65536, MADV_DONTNEED) = 0
13835 09:54:42.218834 madvise(0x52b535b0000, 65536, MADV_DONTNEED) = 0
13835 09:54:42.219317 madvise(0x52b535c0000, 65536, MADV_DONTNEED) = 0
13835 09:54:42.219760 madvise(0x52b535d0000, 65536, MADV_DONTNEED) = 0
13835 09:54:42.220191 madvise(0x52b535e0000, 65536, MADV_DONTNEED) = 0
13835 09:54:42.220582 madvise(0x52b535f0000, 65536, MADV_DONTNEED) = 0
13835 09:54:42.221075 madvise(0x52b53600000, 65536, MADV_DONTNEED) = 0
13835 09:54:42.221474 madvise(0x52b53610000, 65536, MADV_DONTNEED) = 0
13835 09:54:42.221956 madvise(0x52b53620000, 65536, MADV_DONTNEED) = 0
13835 09:54:42.222431 madvise(0x52b53630000, 65536, MADV_DONTNEED) = 0
13835 09:54:42.222919 madvise(0x52b53640000, 65536, MADV_DONTNEED) = 0
13835 09:54:42.223305 madvise(0x52b53650000, 65536, MADV_DONTNEED) = 0
13835 09:54:42.223733 madvise(0x52b53660000, 65536, MADV_DONTNEED) = 0
13835 09:54:42.224212 madvise(0x52b53670000, 65536, MADV_DONTNEED) = 0
13835 09:54:42.224619 madvise(0x52b53680000, 65536, MADV_DONTNEED) = 0
13835 09:54:42.225064 madvise(0x52b53690000, 65536, MADV_DONTNEED) = 0
13835 09:54:42.225434 madvise(0x52b536a0000, 65536, MADV_DONTNEED) = 0
13835 09:54:42.225820 madvise(0x52b536b0000, 65536, MADV_DONTNEED) = 0
13835 09:54:42.226326 madvise(0x52b536c0000, 65536, MADV_DONTNEED) = 0
13835 09:54:42.226762 madvise(0x52b536d0000, 65536, MADV_DONTNEED) = 0
13835 09:54:42.227169 madvise(0x52b536e0000, 65536, MADV_DONTNEED) = 0
13835 09:54:42.227630 madvise(0x52b536f0000, 65536, MADV_DONTNEED) = 0
13835 09:54:42.228101 madvise(0x52b54010000, 65536, MADV_DONTNEED) = 0
13835 09:54:42.228487 madvise(0x52b54020000, 65536, MADV_DONTNEED) = 0
13835 09:54:42.228987 madvise(0x52b54030000, 65536, MADV_DONTNEED) = 0
13835 09:54:42.229388 madvise(0x52b54040000, 65536, MADV_DONTNEED) = 0
13835 09:54:42.229775 madvise(0x52b54050000, 65536, MADV_DONTNEED) = 0
13835 09:54:42.230170 madvise(0x52b54060000, 65536, MADV_DONTNEED) = 0
13835 09:54:42.230616 madvise(0x52b54070000, 65536, MADV_DONTNEED) = 0
13835 09:54:42.231130 madvise(0x52b54080000, 65536, MADV_DONTNEED) = 0
13835 09:54:42.231527 madvise(0x52b54090000, 65536, MADV_DONTNEED) = 0
13835 09:54:42.231924 madvise(0x52b540a0000, 65536, MADV_DONTNEED) = 0
13835 09:54:42.232459 madvise(0x52b540b0000, 65536, MADV_DONTNEED) = 0
13835 09:54:42.232852 madvise(0x52b540c0000, 65536, MADV_DONTNEED) = 0
13835 09:54:42.233287 madvise(0x52b540d0000, 65536, MADV_DONTNEED) = 0
13835 09:54:42.233771 madvise(0x52b540e0000, 65536, MADV_DONTNEED) = 0
13835 09:54:42.234207 madvise(0x52b540f0000, 65536, MADV_DONTNEED) = 0
13835 09:54:42.234770 madvise(0x52b54100000, 65536, MADV_DONTNEED) = 0
13835 09:54:42.235321 madvise(0x52b54110000, 65536, MADV_DONTNEED) = 0
13835 09:54:42.235794 madvise(0x52b54120000, 65536, MADV_DONTNEED) = 0
13835 09:54:42.236211 madvise(0x52b54130000, 65536, MADV_DONTNEED) = 0
13835 09:54:42.236635 madvise(0x52b54140000, 65536, MADV_DONTNEED) = 0
13835 09:54:42.237080 madvise(0x52b54150000, 65536, MADV_DONTNEED) = 0
13835 09:54:42.237583 madvise(0x52b54160000, 65536, MADV_DONTNEED) = 0
13835 09:54:42.238001 madvise(0x52b54170000, 65536, MADV_DONTNEED) = 0
13835 09:54:42.238411 madvise(0x52b54180000, 65536, MADV_DONTNEED) = 0
13835 09:54:42.238837 madvise(0x52b54190000, 65536, MADV_DONTNEED) = 0
13835 09:54:42.239244 madvise(0x52b541a0000, 65536, MADV_DONTNEED) = 0
13835 09:54:42.239666 madvise(0x52b541b0000, 65536, MADV_DONTNEED) = 0
13835 09:54:42.240119 madvise(0x52b541c0000, 65536, MADV_DONTNEED) = 0
13835 09:54:42.240553 madvise(0x52b541d0000, 65536, MADV_DONTNEED) = 0
13835 09:54:42.240922 madvise(0x52b541e0000, 65536, MADV_DONTNEED) = 0
13835 09:54:42.241339 madvise(0x52b541f0000, 65536, MADV_DONTNEED) = 0
13835 09:54:42.241781 madvise(0x52b54200000, 65536, MADV_DONTNEED) = 0
13835 09:54:42.242186 madvise(0x52b54210000, 65536, MADV_DONTNEED) = 0
13835 09:54:42.242605 madvise(0x52b54220000, 65536, MADV_DONTNEED) = 0
13835 09:54:42.243076 madvise(0x52b54230000, 65536, MADV_DONTNEED) = 0
13835 09:54:42.243484 madvise(0x52b54240000, 65536, MADV_DONTNEED) = 0
13835 09:54:42.243923 madvise(0x52b54250000, 65536, MADV_DONTNEED) = 0
13835 09:54:42.244387 madvise(0x52b54260000, 65536, MADV_DONTNEED) = 0
13835 09:54:42.244814 madvise(0x52b54270000, 65536, MADV_DONTNEED) = 0
13835 09:54:42.245271 madvise(0x52b54280000, 65536, MADV_DONTNEED) = 0
13835 09:54:42.245630 madvise(0x52b54290000, 65536, MADV_DONTNEED) = 0
13835 09:54:42.246161 madvise(0x52b542a0000, 65536, MADV_DONTNEED) = 0
13835 09:54:42.246528 madvise(0x52b542b0000, 65536, MADV_DONTNEED) = 0
13835 09:54:42.246931 madvise(0x52b542c0000, 65536, MADV_DONTNEED) = 0
13835 09:54:42.247336 madvise(0x52b542d0000, 65536, MADV_DONTNEED) = 0
13835 09:54:42.247776 madvise(0x52b542e0000, 65536, MADV_DONTNEED) = 0
13835 09:54:42.248160 madvise(0x52b542f0000, 65536, MADV_DONTNEED) = 0
13835 09:54:42.248543 madvise(0x52b54300000, 65536, MADV_DONTNEED) = 0
13835 09:54:42.248969 madvise(0x52b54310000, 65536, MADV_DONTNEED) = 0
13835 09:54:42.249390 madvise(0x52b54320000, 65536, MADV_DONTNEED) = 0
13835 09:54:42.249937 madvise(0x52b54330000, 65536, MADV_DONTNEED) = 0
13835 09:54:42.250350 madvise(0x52b54340000, 65536, MADV_DONTNEED) = 0
13835 09:54:42.250724 madvise(0x52b54350000, 65536, MADV_DONTNEED) = 0
13835 09:54:42.251079 madvise(0x52b54360000, 65536, MADV_DONTNEED) = 0
13835 09:54:42.251471 madvise(0x52b54370000, 65536, MADV_DONTNEED) = 0
13835 09:54:42.251887 madvise(0x52b54380000, 65536, MADV_DONTNEED) = 0
13835 09:54:42.252391 madvise(0x52b54390000, 65536, MADV_DONTNEED) = 0
13835 09:54:42.252825 madvise(0x52b543a0000, 65536, MADV_DONTNEED) = 0
13835 09:54:42.253228 madvise(0x52b543b0000, 65536, MADV_DONTNEED) = 0
13835 09:54:42.253639 madvise(0x52b543c0000, 65536, MADV_DONTNEED) = 0
13835 09:54:42.254081 madvise(0x52b543d0000, 65536, MADV_DONTNEED) = 0
13835 09:54:42.254535 madvise(0x52b543e0000, 65536, MADV_DONTNEED) = 0
13835 09:54:42.254940 madvise(0x52b543f0000, 65536, MADV_DONTNEED) = 0
13835 09:54:42.255393 madvise(0x52b54400000, 3801088, MADV_DONTNEED) = 0
13835 09:54:42.255936 madvise(0x52b54c20000, 65536, MADV_DONTNEED) = 0
13835 09:54:42.256358 madvise(0x52b54d40000, 65536, MADV_DONTNEED) = 0
13835 09:54:42.256828 madvise(0x52b54d50000, 65536, MADV_DONTNEED) = 0
13835 09:54:42.257225 madvise(0x52b54d60000, 65536, MADV_DONTNEED) = 0
13835 09:54:42.257707 madvise(0x52b54d70000, 65536, MADV_DONTNEED) = 0
13835 09:54:42.258245 madvise(0x52b54d80000, 65536, MADV_DONTNEED) = 0
13835 09:54:42.258676 madvise(0x52b54d90000, 65536, MADV_DONTNEED) = 0
13835 09:54:42.259128 madvise(0x52b54da0000, 65536, MADV_DONTNEED) = 0
13835 09:54:42.259587 madvise(0x52b54db0000, 65536, MADV_DONTNEED) = 0
13835 09:54:42.259999 madvise(0x52b54dc0000, 65536, MADV_DONTNEED) = 0
13835 09:54:42.260441 madvise(0x52b54dd0000, 65536, MADV_DONTNEED) = 0
13835 09:54:42.260871 madvise(0x52b54de0000, 65536, MADV_DONTNEED) = 0
13835 09:54:42.261315 madvise(0x52b54df0000, 65536, MADV_DONTNEED) = 0
13835 09:54:42.261712 madvise(0x52b55080000, 65536, MADV_DONTNEED) = 0
13835 09:54:42.262062 madvise(0x52b55090000, 65536, MADV_DONTNEED) = 0
13835 09:54:42.262534 madvise(0x52b550a0000, 65536, MADV_DONTNEED) = 0
13835 09:54:42.263011 madvise(0x52b550c0000, 3407872, MADV_DONTNEED) = 0
13835 09:54:42.263436 madvise(0x52b55400000, 1114112, MADV_DONTNEED) = 0
13835 09:54:42.263988 madvise(0x52b55910000, 65536, MADV_DONTNEED) = 0
13835 09:54:42.264394 madvise(0x52b55920000, 65536, MADV_DONTNEED) = 0
13835 09:54:42.264852 madvise(0x52b55930000, 65536, MADV_DONTNEED) = 0
13835 09:54:42.265337 madvise(0x52b55940000, 65536, MADV_DONTNEED) = 0
13835 09:54:42.265737 madvise(0x52b55950000, 65536, MADV_DONTNEED) = 0
13835 09:54:42.266169 madvise(0x52b55960000, 65536, MADV_DONTNEED) = 0
13835 09:54:42.266551 madvise(0x52b55970000, 65536, MADV_DONTNEED) = 0
13835 09:54:42.267000 madvise(0x52b55a80000, 1572864, MADV_DONTNEED) = 0
13835 09:54:42.267469 madvise(0x52b55c00000, 4194304, MADV_DONTNEED) = 0
13835 09:54:42.267865 madvise(0x52b56000000, 4194304, MADV_DONTNEED) = 0
13835 09:54:42.268320 madvise(0x52b56400000, 65536, MADV_DONTNEED) = 0
13835 09:54:42.268718 madvise(0x52b56410000, 65536, MADV_DONTNEED) = 0
13835 09:54:42.269090 madvise(0x52b56420000, 65536, MADV_DONTNEED) = 0
13835 09:54:42.269462 madvise(0x52b56430000, 65536, MADV_DONTNEED) = 0
13835 09:54:42.269993 madvise(0x52b56440000, 65536, MADV_DONTNEED) = 0
13835 09:54:42.270416 madvise(0x52b56450000, 65536, MADV_DONTNEED) = 0
13835 09:54:42.270973 madvise(0x52b56460000, 65536, MADV_DONTNEED) = 0
13835 09:54:42.271647 madvise(0x52b56470000, 65536, MADV_DONTNEED) = 0
13835 09:54:42.272060 madvise(0x52b56480000, 65536, MADV_DONTNEED) = 0
13835 09:54:42.272564 madvise(0x52b56490000, 65536, MADV_DONTNEED) = 0
13835 09:54:42.272955 madvise(0x52b564a0000, 65536, MADV_DONTNEED) = 0
13835 09:54:42.273415 madvise(0x52b564b0000, 65536, MADV_DONTNEED) = 0
13835 09:54:42.273872 madvise(0x52b564c0000, 65536, MADV_DONTNEED) = 0
13835 09:54:42.274248 madvise(0x52b564d0000, 65536, MADV_DONTNEED) = 0
13835 09:54:42.274698 madvise(0x52b564e0000, 65536, MADV_DONTNEED) = 0
13835 09:54:42.275081 madvise(0x52b564f0000, 65536, MADV_DONTNEED) = 0
13835 09:54:42.275594 madvise(0x52b56500000, 65536, MADV_DONTNEED) = 0
13835 09:54:42.276089 madvise(0x52b56510000, 65536, MADV_DONTNEED) = 0
13835 09:54:42.276696 madvise(0x52b56520000, 65536, MADV_DONTNEED) = 0
13835 09:54:42.277215 madvise(0x52b56530000, 65536, MADV_DONTNEED) = 0
13835 09:54:42.277683 madvise(0x52b56540000, 65536, MADV_DONTNEED) = 0
13835 09:54:42.278104 madvise(0x52b56550000, 65536, MADV_DONTNEED) = 0
13835 09:54:42.278541 madvise(0x52b56560000, 65536, MADV_DONTNEED) = 0
13835 09:54:42.279003 madvise(0x52b56570000, 65536, MADV_DONTNEED) = 0
13835 09:54:42.279450 madvise(0x52b56580000, 65536, MADV_DONTNEED) = 0
13835 09:54:42.279947 madvise(0x52b56590000, 65536, MADV_DONTNEED) = 0
13835 09:54:42.280476 madvise(0x52b565a0000, 65536, MADV_DONTNEED) = 0
13835 09:54:42.280922 madvise(0x52b565b0000, 65536, MADV_DONTNEED) = 0
13835 09:54:42.281361 madvise(0x52b565c0000, 65536, MADV_DONTNEED) = 0
13835 09:54:42.281745 madvise(0x52b565d0000, 65536, MADV_DONTNEED) = 0
13835 09:54:42.282143 madvise(0x52b565e0000, 65536, MADV_DONTNEED) = 0
13835 09:54:42.282602 madvise(0x52b565f0000, 65536, MADV_DONTNEED) = 0
13835 09:54:42.283001 madvise(0x52b56600000, 65536, MADV_DONTNEED) = 0
13835 09:54:42.283415 madvise(0x52b56610000, 65536, MADV_DONTNEED) = 0
13835 09:54:42.283858 madvise(0x52b56620000, 65536, MADV_DONTNEED) = 0
13835 09:54:42.284406 madvise(0x52b56630000, 65536, MADV_DONTNEED) = 0
13835 09:54:42.284868 madvise(0x52b56640000, 65536, MADV_DONTNEED) = 0
13835 09:54:42.285218 madvise(0x52b56650000, 65536, MADV_DONTNEED) = 0
13835 09:54:42.285594 madvise(0x52b56660000, 65536, MADV_DONTNEED) = 0
13835 09:54:42.286040 madvise(0x52b56670000, 65536, MADV_DONTNEED) = 0
13835 09:54:42.286519 madvise(0x52b56680000, 65536, MADV_DONTNEED) = 0
13835 09:54:42.286920 madvise(0x52b56690000, 65536, MADV_DONTNEED) = 0
13835 09:54:42.287414 madvise(0x52b566a0000, 65536, MADV_DONTNEED) = 0
13835 09:54:42.287842 madvise(0x52b566b0000, 65536, MADV_DONTNEED) = 0
13835 09:54:42.288276 madvise(0x52b566c0000, 65536, MADV_DONTNEED) = 0
13835 09:54:42.288691 madvise(0x52b566d0000, 65536, MADV_DONTNEED) = 0
13835 09:54:42.289055 madvise(0x52b566e0000, 65536, MADV_DONTNEED) = 0
13835 09:54:42.289462 madvise(0x52b566f0000, 65536, MADV_DONTNEED) = 0
13835 09:54:42.289791 madvise(0x52b56700000, 65536, MADV_DONTNEED) = 0
13835 09:54:42.290247 madvise(0x52b56710000, 65536, MADV_DONTNEED) = 0
13835 09:54:42.290771 madvise(0x52b56720000, 65536, MADV_DONTNEED) = 0
13835 09:54:42.291292 madvise(0x52b56730000, 65536, MADV_DONTNEED) = 0
13835 09:54:42.291695 madvise(0x52b56740000, 65536, MADV_DONTNEED) = 0
13835 09:54:42.292160 madvise(0x52b56750000, 65536, MADV_DONTNEED) = 0
13835 09:54:42.292565 madvise(0x52b56760000, 65536, MADV_DONTNEED) = 0
13835 09:54:42.292980 madvise(0x52b56770000, 65536, MADV_DONTNEED) = 0
13835 09:54:42.293404 madvise(0x52b56800000, 4194304, MADV_DONTNEED) = 0
13835 09:54:42.293782 madvise(0x52b56c00000, 4194304, MADV_DONTNEED) = 0
13835 09:54:42.294169 madvise(0x52b57000000, 4194304, MADV_DONTNEED) = 0
13835 09:54:42.294628 madvise(0x52b57400000, 4194304, MADV_DONTNEED) = 0
13835 09:54:42.295160 madvise(0x52b57800000, 3211264, MADV_DONTNEED) = 0
13835 09:54:42.295596 madvise(0x52b58880000, 65536, MADV_DONTNEED) = 0
13835 09:54:42.295969 madvise(0x52b58890000, 65536, MADV_DONTNEED) = 0
13835 09:54:42.296500 madvise(0x52b588a0000, 65536, MADV_DONTNEED) = 0
13835 09:54:42.296923 madvise(0x52b588b0000, 65536, MADV_DONTNEED) = 0
13835 09:54:42.297303 madvise(0x52b58d20000, 65536, MADV_DONTNEED) = 0
13835 09:54:42.297706 madvise(0x52b58d30000, 65536, MADV_DONTNEED) = 0
13835 09:54:42.298140 madvise(0x52b58d40000, 65536, MADV_DONTNEED) = 0
13835 09:54:42.298527 madvise(0x52b58d50000, 65536, MADV_DONTNEED) = 0
13835 09:54:42.298917 madvise(0x52b58d60000, 65536, MADV_DONTNEED) = 0
13835 09:54:42.299289 madvise(0x52b58d70000, 65536, MADV_DONTNEED) = 0
13835 09:54:42.299781 madvise(0x52b58d80000, 65536, MADV_DONTNEED) = 0
13835 09:54:42.300249 madvise(0x52b58d90000, 65536, MADV_DONTNEED) = 0
13835 09:54:42.300716 madvise(0x52b58da0000, 65536, MADV_DONTNEED) = 0
13835 09:54:42.301161 madvise(0x52b58db0000, 65536, MADV_DONTNEED) = 0
13835 09:54:42.301656 madvise(0x52b58dc0000, 65536, MADV_DONTNEED) = 0
13835 09:54:42.302135 madvise(0x52b58dd0000, 65536, MADV_DONTNEED) = 0
13835 09:54:42.302648 madvise(0x52b58de0000, 65536, MADV_DONTNEED) = 0
13835 09:54:42.303056 madvise(0x52b58df0000, 65536, MADV_DONTNEED) = 0
13835 09:54:42.303402 madvise(0x52b58e00000, 65536, MADV_DONTNEED) = 0
13835 09:54:42.303904 madvise(0x52b58e10000, 65536, MADV_DONTNEED) = 0
13835 09:54:42.304367 madvise(0x52b58e20000, 65536, MADV_DONTNEED) = 0
13835 09:54:42.304714 madvise(0x52b58e30000, 65536, MADV_DONTNEED) = 0
13835 09:54:42.305114 madvise(0x52b58e40000, 65536, MADV_DONTNEED) = 0
13835 09:54:42.305574 madvise(0x52b58e50000, 65536, MADV_DONTNEED) = 0
13835 09:54:42.305938 madvise(0x52b58e60000, 65536, MADV_DONTNEED) = 0
13835 09:54:42.306319 madvise(0x52b58e70000, 65536, MADV_DONTNEED) = 0
13835 09:54:42.306681 madvise(0x52b58e80000, 65536, MADV_DONTNEED) = 0
13835 09:54:42.307061 madvise(0x52b58e90000, 65536, MADV_DONTNEED) = 0
13835 09:54:42.307522 madvise(0x52b58ea0000, 65536, MADV_DONTNEED) = 0
13835 09:54:42.307966 madvise(0x52b58eb0000, 65536, MADV_DONTNEED) = 0
13835 09:54:42.308346 madvise(0x52b58ec0000, 65536, MADV_DONTNEED) = 0
13835 09:54:42.308760 madvise(0x52b58ed0000, 65536, MADV_DONTNEED) = 0
13835 09:54:42.309287 madvise(0x52b58ee0000, 65536, MADV_DONTNEED) = 0
13835 09:54:42.309643 madvise(0x52b58ef0000, 65536, MADV_DONTNEED) = 0
13835 09:54:42.310111 madvise(0x52b58f00000, 65536, MADV_DONTNEED) = 0
13835 09:54:42.310449 madvise(0x52b58f10000, 65536, MADV_DONTNEED) = 0
13835 09:54:42.310861 madvise(0x52b58f20000, 65536, MADV_DONTNEED) = 0
13835 09:54:42.311334 madvise(0x52b58f30000, 65536, MADV_DONTNEED) = 0
13835 09:54:42.311695 madvise(0x52b58f40000, 65536, MADV_DONTNEED) = 0
13835 09:54:42.312156 madvise(0x52b58f50000, 65536, MADV_DONTNEED) = 0
13835 09:54:42.312619 madvise(0x52b58f60000, 65536, MADV_DONTNEED) = 0
13835 09:54:42.313026 madvise(0x52b58f70000, 65536, MADV_DONTNEED) = 0
13835 09:54:42.313542 madvise(0x52b58f80000, 65536, MADV_DONTNEED) = 0
13835 09:54:42.313941 madvise(0x52b58f90000, 65536, MADV_DONTNEED) = 0
13835 09:54:42.314383 madvise(0x52b58fa0000, 65536, MADV_DONTNEED) = 0
13835 09:54:42.314821 madvise(0x52b58fb0000, 65536, MADV_DONTNEED) = 0
13835 09:54:42.315221 madvise(0x52b58fc0000, 65536, MADV_DONTNEED) = 0
13835 09:54:42.315706 madvise(0x52b58fd0000, 65536, MADV_DONTNEED) = 0
13835 09:54:42.316139 madvise(0x52b58fe0000, 65536, MADV_DONTNEED) = 0
13835 09:54:42.316611 madvise(0x52b58ff0000, 65536, MADV_DONTNEED) = 0
13835 09:54:42.317028 madvise(0x52b59000000, 65536, MADV_DONTNEED) = 0
13835 09:54:42.317591 madvise(0x52b59010000, 65536, MADV_DONTNEED) = 0
13835 09:54:42.318142 madvise(0x52b59020000, 65536, MADV_DONTNEED) = 0
13835 09:54:42.318751 madvise(0x52b59030000, 65536, MADV_DONTNEED) = 0
13835 09:54:42.319226 madvise(0x52b59040000, 65536, MADV_DONTNEED) = 0
13835 09:54:42.319610 madvise(0x52b59050000, 65536, MADV_DONTNEED) = 0
13835 09:54:42.320093 madvise(0x52b59060000, 65536, MADV_DONTNEED) = 0
13835 09:54:42.320674 madvise(0x52b59070000, 65536, MADV_DONTNEED) = 0
13835 09:54:42.321027 madvise(0x52b59080000, 65536, MADV_DONTNEED) = 0
13835 09:54:42.321465 madvise(0x52b59090000, 65536, MADV_DONTNEED) = 0
13835 09:54:42.321858 madvise(0x52b590a0000, 65536, MADV_DONTNEED) = 0
13835 09:54:42.322246 madvise(0x52b590b0000, 65536, MADV_DONTNEED) = 0
13835 09:54:42.322661 madvise(0x52b590c0000, 65536, MADV_DONTNEED) = 0
13835 09:54:42.323044 madvise(0x52b590d0000, 65536, MADV_DONTNEED) = 0
13835 09:54:42.323434 madvise(0x52b590e0000, 65536, MADV_DONTNEED) = 0
13835 09:54:42.323941 madvise(0x52b590f0000, 65536, MADV_DONTNEED) = 0
13835 09:54:42.324441 madvise(0x52b59100000, 65536, MADV_DONTNEED) = 0
13835 09:54:42.324826 madvise(0x52b59110000, 65536, MADV_DONTNEED) = 0
13835 09:54:42.325295 madvise(0x52b59120000, 65536, MADV_DONTNEED) = 0
13835 09:54:42.325654 madvise(0x52b59130000, 65536, MADV_DONTNEED) = 0
13835 09:54:42.326145 madvise(0x52b59140000, 65536, MADV_DONTNEED) = 0
13835 09:54:42.326603 madvise(0x52b59150000, 65536, MADV_DONTNEED) = 0
13835 09:54:42.326970 madvise(0x52b59160000, 65536, MADV_DONTNEED) = 0
13835 09:54:42.327398 madvise(0x52b59170000, 65536, MADV_DONTNEED) = 0
13835 09:54:42.327782 madvise(0x52b59180000, 65536, MADV_DONTNEED) = 0
13835 09:54:42.328357 madvise(0x52b59190000, 65536, MADV_DONTNEED) = 0
13835 09:54:42.328810 madvise(0x52b591a0000, 65536, MADV_DONTNEED) = 0
13835 09:54:42.329319 madvise(0x52b591b0000, 65536, MADV_DONTNEED) = 0
13835 09:54:42.329693 madvise(0x52b591c0000, 65536, MADV_DONTNEED) = 0
13835 09:54:42.330094 madvise(0x52b591d0000, 65536, MADV_DONTNEED) = 0
13835 09:54:42.330543 madvise(0x52b591e0000, 65536, MADV_DONTNEED) = 0
13835 09:54:42.330901 madvise(0x52b591f0000, 65536, MADV_DONTNEED) = 0
13835 09:54:42.331270 madvise(0x52b59200000, 65536, MADV_DONTNEED) = 0
13835 09:54:42.331691 madvise(0x52b59210000, 65536, MADV_DONTNEED) = 0
13835 09:54:42.332120 madvise(0x52b59220000, 65536, MADV_DONTNEED) = 0
13835 09:54:42.332510 madvise(0x52b59230000, 65536, MADV_DONTNEED) = 0
13835 09:54:42.332953 madvise(0x52b59250000, 65536, MADV_DONTNEED) = 0
13835 09:54:42.333368 madvise(0x52b59260000, 65536, MADV_DONTNEED) = 0
13835 09:54:42.333853 madvise(0x52b59270000, 65536, MADV_DONTNEED) = 0
13835 09:54:42.334327 madvise(0x52b59280000, 65536, MADV_DONTNEED) = 0
13835 09:54:42.334736 madvise(0x52b59290000, 65536, MADV_DONTNEED) = 0
13835 09:54:42.335189 madvise(0x52b592a0000, 65536, MADV_DONTNEED) = 0
13835 09:54:42.335609 madvise(0x52b592b0000, 65536, MADV_DONTNEED) = 0
13835 09:54:42.336110 madvise(0x52b592c0000, 65536, MADV_DONTNEED) = 0
13835 09:54:42.336612 madvise(0x52b592d0000, 65536, MADV_DONTNEED) = 0
13835 09:54:42.337093 madvise(0x52b592e0000, 65536, MADV_DONTNEED) = 0
13835 09:54:42.337532 madvise(0x52b592f0000, 65536, MADV_DONTNEED) = 0
13835 09:54:42.337955 madvise(0x52b59300000, 65536, MADV_DONTNEED) = 0
13835 09:54:42.338396 madvise(0x52b59310000, 65536, MADV_DONTNEED) = 0
13835 09:54:42.339054 madvise(0x52b59320000, 65536, MADV_DONTNEED) = 0
13835 09:54:42.339494 madvise(0x52b59330000, 65536, MADV_DONTNEED) = 0
13835 09:54:42.340104 madvise(0x52b59340000, 65536, MADV_DONTNEED) = 0
13835 09:54:42.340565 madvise(0x52b59350000, 65536, MADV_DONTNEED) = 0
13835 09:54:42.340988 madvise(0x52b59360000, 65536, MADV_DONTNEED) = 0
13835 09:54:42.341433 madvise(0x52b59370000, 65536, MADV_DONTNEED) = 0
13835 09:54:42.341863 madvise(0x52b59380000, 65536, MADV_DONTNEED) = 0
13835 09:54:42.342290 madvise(0x52b59390000, 65536, MADV_DONTNEED) = 0
13835 09:54:42.342691 madvise(0x52b593a0000, 65536, MADV_DONTNEED) = 0
13835 09:54:42.343376 madvise(0x52b593b0000, 65536, MADV_DONTNEED) = 0
13835 09:54:42.343813 madvise(0x52b593c0000, 65536, MADV_DONTNEED) = 0
13835 09:54:42.344390 madvise(0x52b593d0000, 65536, MADV_DONTNEED) = 0
13835 09:54:42.344814 madvise(0x52b593e0000, 65536, MADV_DONTNEED) = 0
13835 09:54:42.345200 madvise(0x52b593f0000, 65536, MADV_DONTNEED) = 0
13835 09:54:42.345635 madvise(0x52b59400000, 4194304, MADV_DONTNEED) = 0
13835 09:54:42.345959 madvise(0x52b59800000, 4194304, MADV_DONTNEED) = 0
13835 09:54:42.346418 madvise(0x52b59c00000, 3604480, MADV_DONTNEED) = 0
13835 09:54:42.346887 madvise(0x52b5bb10000, 983040, MADV_DONTNEED) = 0
13835 09:54:42.347295 madvise(0x52b5bc00000, 3276800, MADV_DONTNEED) = 0
13835 09:54:42.347893 +++ exited with 0 +++
31    09:56:59.386868 munmap(0x7fcce3a0c000, 4096) = 0
35    09:58:28.452409 mmap(NULL, 2109440, PROT_NONE, MAP_PRIVATE|MAP_ANONYMOUS, -1, 0) = 0x7fcce21b8000
35    09:58:28.455228 mprotect(0x7fcce21ba000, 2101248, PROT_READ|PROT_WRITE) = 0
7     09:58:28.458411 mmap(NULL, 2109440, PROT_NONE, MAP_PRIVATE|MAP_ANONYMOUS, -1, 0) = 0x7fcce1d84000
7     09:58:28.460714 mprotect(0x7fcce1d86000, 2101248, PROT_READ|PROT_WRITE <unfinished ...>
14849 09:58:28.461362 mmap(NULL, 12288, PROT_READ|PROT_WRITE, MAP_PRIVATE|MAP_ANONYMOUS|MAP_STACK, -1, 0 <unfinished ...>
7     09:58:28.462042 <... mprotect resumed>) = 0
14849 09:58:28.462595 <... mmap resumed>) = 0x7fcce3a0f000
14849 09:58:28.463084 mprotect(0x7fcce3a0f000, 4096, PROT_NONE) = 0
39    09:58:28.464561 mmap(NULL, 2109440, PROT_NONE, MAP_PRIVATE|MAP_ANONYMOUS, -1, 0) = 0x7fcce1b81000
14850 09:58:28.466298 mmap(NULL, 12288, PROT_READ|PROT_WRITE, MAP_PRIVATE|MAP_ANONYMOUS|MAP_STACK, -1, 0 <unfinished ...>
39    09:58:28.466662 mprotect(0x7fcce1b83000, 2101248, PROT_READ|PROT_WRITE <unfinished ...>
14850 09:58:28.466892 <... mmap resumed>) = 0x7fcce3a0c000
39    09:58:28.467225 <... mprotect resumed>) = 0
14850 09:58:28.467449 mprotect(0x7fcce3a0c000, 4096, PROT_NONE) = 0
31    09:58:28.468379 mmap(NULL, 2109440, PROT_NONE, MAP_PRIVATE|MAP_ANONYMOUS, -1, 0 <unfinished ...>
14851 09:58:28.468805 mmap(NULL, 12288, PROT_READ|PROT_WRITE, MAP_PRIVATE|MAP_ANONYMOUS|MAP_STACK, -1, 0 <unfinished ...>
31    09:58:28.469078 <... mmap resumed>) = 0x7fcce197e000
14851 09:58:28.469328 <... mmap resumed>) = 0x7fcce3a09000
31    09:58:28.469548 mprotect(0x7fcce1980000, 2101248, PROT_READ|PROT_WRITE <unfinished ...>
14851 09:58:28.469839 mprotect(0x7fcce3a09000, 4096, PROT_NONE <unfinished ...>
31    09:58:28.470074 <... mprotect resumed>) = 0
14851 09:58:28.470427 <... mprotect resumed>) = 0
14852 09:58:28.471129 mmap(NULL, 12288, PROT_READ|PROT_WRITE, MAP_PRIVATE|MAP_ANONYMOUS|MAP_STACK, -1, 0) = 0x7fcce3a06000
14852 09:58:28.473140 mprotect(0x7fcce3a06000, 4096, PROT_NONE) = 0
14850 09:58:28.474983 mmap(NULL, 8192, PROT_READ|PROT_WRITE, MAP_PRIVATE|MAP_ANONYMOUS, -1, 0) = 0x7fcce3a04000
39    09:58:28.477057 munmap(0x7fcce3a04000, 8192) = 0
14849 09:58:28.497598 mmap(NULL, 8192, PROT_READ|PROT_WRITE, MAP_PRIVATE|MAP_ANONYMOUS, -1, 0) = 0x7fcce3a04000
39    09:58:28.502430 munmap(0x7fcce3a04000, 8192) = 0
14850 09:58:38.494464 munmap(0x7fcce1fb5000, 2109440) = 0
14850 09:58:38.497614 munmap(0x7fcce3a0c000, 12288) = 0
14850 09:58:38.500233 madvise(0x52b4b980000, 65536, MADV_DONTNEED) = 0
14850 09:58:38.503270 madvise(0x52b4e8a0000, 65536, MADV_DONTNEED) = 0
14850 09:58:38.505173 madvise(0x52b4e8c0000, 65536, MADV_DONTNEED) = 0
14850 09:58:38.506480 madvise(0x52b4fcd0000, 65536, MADV_DONTNEED) = 0
14850 09:58:38.507872 madvise(0x52b51260000, 1703936, MADV_DONTNEED) = 0
14850 09:58:38.508925 madvise(0x52b51400000, 4194304, MADV_DONTNEED) = 0
14850 09:58:38.509959 madvise(0x52b51800000, 2490368, MADV_DONTNEED) = 0
14850 09:58:38.510887 madvise(0x52b51f70000, 589824, MADV_DONTNEED) = 0
14850 09:58:38.511671 madvise(0x52b52000000, 3604480, MADV_DONTNEED) = 0
14850 09:58:38.512528 madvise(0x52b53780000, 524288, MADV_DONTNEED) = 0
14850 09:58:38.513363 madvise(0x52b54c50000, 65536, MADV_DONTNEED) = 0
14850 09:58:38.514085 madvise(0x52b54cd0000, 65536, MADV_DONTNEED) = 0
14850 09:58:38.514855 madvise(0x52b54cf0000, 65536, MADV_DONTNEED) = 0
14850 09:58:38.515528 madvise(0x52b54d10000, 65536, MADV_DONTNEED) = 0
14850 09:58:38.516231 madvise(0x52b54f80000, 524288, MADV_DONTNEED) = 0
14850 09:58:38.516944 madvise(0x52b55000000, 524288, MADV_DONTNEED) = 0
14850 09:58:38.517683 madvise(0x52b55980000, 524288, MADV_DONTNEED) = 0
14850 09:58:38.518371 madvise(0x52b56780000, 524288, MADV_DONTNEED) = 0
14850 09:58:38.518994 madvise(0x52b58870000, 65536, MADV_DONTNEED) = 0
14850 09:58:38.519630 madvise(0x52b588c0000, 65536, MADV_DONTNEED) = 0
14850 09:58:38.520172 madvise(0x52b59240000, 65536, MADV_DONTNEED) = 0
14850 09:58:38.521071 +++ exited with 0 +++
14851 09:58:38.521380 munmap(0x7fcce1d84000, 2109440) = 0
14851 09:58:38.522065 munmap(0x7fcce3a09000, 12288) = 0
14851 09:58:38.522960 +++ exited with 0 +++
14852 09:58:38.523215 munmap(0x7fcce1b81000, 2109440) = 0
14852 09:58:38.523805 munmap(0x7fcce3a06000, 12288) = 0
14852 09:58:38.524668 +++ exited with 0 +++
14849 09:58:38.524960 munmap(0x7fcce197e000, 2109440) = 0
14849 09:58:38.525559 munmap(0x7fcce3a0f000, 12288) = 0
14849 09:58:38.526318 +++ exited with 0 +++
